[{"id":"user-image-services1.jpg","publicUrl":"np://user.desktop.nicepage.com/Site_3065314163/images/services1.jpg","size":86622,"hash":"z6N3UOFRh4E53dJbTEY1hCJ7GYs=","fileName":"services1.jpg","name":"services1","width":1920,"height":355,"thumbnail":{"url":"np://user.desktop.nicepage.com/Site_3065314163/images/thumbnails/services1.jpg","width":250,"height":46},"folderId":null,"usages":["1686415624"]},{"id":"user-image-10312781.png","publicUrl":"np://user.desktop.nicepage.com/Site_3065314163/images/10312781.png","size":2786,"hash":"PbknbiKMQUCfJ/2Kx7oYMOsUGU4=","fileName":"10312781.png","name":"10312781","width":128,"height":128,"thumbnail":{"url":"np://user.desktop.nicepage.com/Site_3065314163/images/thumbnails/10312781.png","width":128,"height":128,"length":2786,"type":"png"},"folderId":null,"originalUrl":"https://assets.nicepagecdn.com/d2cc3eaa/1644434/images/10312781.png","usages":[]},{"id":"user-image-7542130.png","publicUrl":"np://user.desktop.nicepage.com/Site_3065314163/images/7542130.png","size":2913,"hash":"FdAcFzYncmHklCX9wbxQ3u68ZYU=","fileName":"7542130.png","name":"7542130","width":128,"height":128,"thumbnail":{"url":"np://user.desktop.nicepage.com/Site_3065314163/images/thumbnails/7542130.png","width":128,"height":128,"length":2913,"type":"png"},"folderId":null,"originalUrl":"https://assets.nicepagecdn.com/d2cc3eaa/1644434/images/7542130.png","usages":[]},{"id":"user-image-3002389.png","publicUrl":"np://user.desktop.nicepage.com/Site_3065314163/images/3002389.png","size":4783,"hash":"DyaWwC+/MeW99T4F2S8KJPpoK/s=","fileName":"3002389.png","name":"3002389","width":128,"height":128,"thumbnail":{"url":"np://user.desktop.nicepage.com/Site_3065314163/images/thumbnails/3002389.png","width":128,"height":128,"length":4783,"type":"png"},"folderId":null,"originalUrl":"https://assets.nicepagecdn.com/d2cc3eaa/1644434/images/3002389.png","usages":[]},{"id":"user-image-C-Ecy-Web-1-600x6331.png","publicUrl":"np://user.desktop.nicepage.com/Site_3065314163/images/C-Ecy-Web-1-600x6331.png","size":308838,"hash":"+9m8IXq6n5A6XDWasuZgn9DmcRo=","fileName":"C-Ecy-Web-1-600x6331.png","name":"C-Ecy-Web-1-600x6331","width":600,"height":633,"thumbnail":{"url":"np://user.desktop.nicepage.com/Site_3065314163/images/thumbnails/C-Ecy-Web-1-600x6331.png","width":237,"height":250},"folderId":null,"usages":["70934435"]},{"id":"user-image-C-Sunflower-Web-1-1-600x6331.png","publicUrl":"np://user.desktop.nicepage.com/Site_3065314163/images/C-Sunflower-Web-1-1-600x6331.png","size":346014,"hash":"pCEXKnyvRij2YxhjrHDzoA4S0Io=","fileName":"C-Sunflower-Web-1-1-600x6331.png","name":"C-Sunflower-Web-1-1-600x6331","width":600,"height":633,"thumbnail":{"url":"np://user.desktop.nicepage.com/Site_3065314163/images/thumbnails/C-Sunflower-Web-1-1-600x6331.png","width":237,"height":250},"folderId":null,"usages":["70934435"]},{"id":"user-image-C-Tulsi-Webpng-1-600x6331.png","publicUrl":"np://user.desktop.nicepage.com/Site_3065314163/images/C-Tulsi-Webpng-1-600x6331.png","size":318396,"hash":"MeMNnm+T2W3zXuJs+zzKdPNRcWY=","fileName":"C-Tulsi-Webpng-1-600x6331.png","name":"C-Tulsi-Webpng-1-600x6331","width":600,"height":633,"thumbnail":{"url":"np://user.desktop.nicepage.com/Site_3065314163/images/thumbnails/C-Tulsi-Webpng-1-600x6331.png","width":237,"height":250},"folderId":null,"usages":[]},{"id":"user-image-C-Raw-Honey-Web-1-600x6331.png","publicUrl":"np://user.desktop.nicepage.com/Site_3065314163/images/C-Raw-Honey-Web-1-600x6331.png","size":297718,"hash":"mDFmDyXn0X/GhGj3k954oWwl7Rc=","fileName":"C-Raw-Honey-Web-1-600x6331.png","name":"C-Raw-Honey-Web-1-600x6331","width":600,"height":633,"thumbnail":{"url":"np://user.desktop.nicepage.com/Site_3065314163/images/thumbnails/C-Raw-Honey-Web-1-600x6331.png","width":237,"height":250},"folderId":null,"usages":[]},{"id":"user-image-h2-img-3.jpg","publicUrl":"np://user.desktop.nicepage.com/Site_3065314163/images/h2-img-3.jpg","size":48290,"hash":"9iiqUhGkhlDO/azSJ/Ea8z4boiU=","fileName":"h2-img-3.jpg","name":"h2-img-3","width":308,"height":574,"thumbnail":{"url":"np://user.desktop.nicepage.com/Site_3065314163/images/thumbnails/h2-img-3.jpg","width":134,"height":250},"folderId":null,"usages":["70934435"]},{"id":"user-image-4081min.jpg","publicUrl":"np://user.desktop.nicepage.com/Site_3065314163/images/4081min.jpg","size":78513,"hash":"YaPYvakx7LyHzV1SL6XXHYokS2o=","fileName":"4081min.jpg","name":"4081min","width":700,"height":885,"thumbnail":{"url":"np://user.desktop.nicepage.com/Site_3065314163/images/thumbnails/4081min.jpg","width":198,"height":250},"folderId":null,"originalUrl":"//images03.nicepagecdn.com/c461c07a441a5d220e8feb1a/6a1104b3d27f522c8ed33183/4081min.jpg","usages":[]},{"id":"user-image-C-Sunflower-Web-1-1-600x633.png","publicUrl":"np://user.desktop.nicepage.com/Site_3065314163/images/C-Sunflower-Web-1-1-600x633.png","size":298481,"hash":"yICEGA1tIfd6drYS+x5RNakEpbY=","fileName":"C-Sunflower-Web-1-1-600x633.png","name":"C-Sunflower-Web-1-1-600x633","width":600,"height":633,"thumbnail":{"url":"np://user.desktop.nicepage.com/Site_3065314163/images/thumbnails/C-Sunflower-Web-1-1-600x633.png","width":237,"height":250},"folderId":null,"usages":[]},{"id":"user-image-sanket-pic.jpg","publicUrl":"np://user.desktop.nicepage.com/Site_3065314163/images/sanket-pic.jpg","size":373290,"hash":"3TYkbACXjmus6JyZcQM61X+Dvaw=","fileName":"sanket-pic.jpg","name":"sanket-pic","width":960,"height":1280,"thumbnail":{"url":"np://user.desktop.nicepage.com/Site_3065314163/images/thumbnails/sanket-pic.jpg","width":188,"height":250},"folderId":null,"usages":[]},{"id":"user-image-C-Raw-Honey-Web-1-600x633.png","publicUrl":"np://user.desktop.nicepage.com/Site_3065314163/images/C-Raw-Honey-Web-1-600x633.png","size":250275,"hash":"eMIEMXwBZ3puvwqScAR4gNl/P88=","fileName":"C-Raw-Honey-Web-1-600x633.png","name":"C-Raw-Honey-Web-1-600x633","width":600,"height":633,"thumbnail":{"url":"np://user.desktop.nicepage.com/Site_3065314163/images/thumbnails/C-Raw-Honey-Web-1-600x633.png","width":237,"height":250},"folderId":null,"usages":[]},{"id":"user-image-C-Tulsi-Webpng-1-600x633.png","publicUrl":"np://user.desktop.nicepage.com/Site_3065314163/images/C-Tulsi-Webpng-1-600x633.png","size":268050,"hash":"z5RgZfRllmunvZ2Xpy56VGL3V0Y=","fileName":"C-Tulsi-Webpng-1-600x633.png","name":"C-Tulsi-Webpng-1-600x633","width":600,"height":633,"thumbnail":{"url":"np://user.desktop.nicepage.com/Site_3065314163/images/thumbnails/C-Tulsi-Webpng-1-600x633.png","width":237,"height":250},"folderId":null,"usages":[]},{"id":"user-image-C-Ecy-Web-1-600x633.png","publicUrl":"np://user.desktop.nicepage.com/Site_3065314163/images/C-Ecy-Web-1-600x633.png","size":290139,"hash":"s4evP3ufLPqNxeLMbWTwU5Ou4e4=","fileName":"C-Ecy-Web-1-600x633.png","name":"C-Ecy-Web-1-600x633","width":600,"height":633,"thumbnail":{"url":"np://user.desktop.nicepage.com/Site_3065314163/images/thumbnails/C-Ecy-Web-1-600x633.png","width":237,"height":250},"folderId":null,"usages":[]},{"id":"user-image-farmbuddy-naturals-logo.png","publicUrl":"np://user.desktop.nicepage.com/Site_3065314163/images/farmbuddy-naturals-logo.png","size":191332,"hash":"6IaDJWMJ5/DEI4IQnryE4QEqqIs=","fileName":"farmbuddy-naturals-logo.png","name":"farmbuddy-naturals-logo","width":2435,"height":998,"thumbnail":{"url":"np://user.desktop.nicepage.com/Site_3065314163/images/thumbnails/farmbuddy-naturals-logo.png","width":250,"height":102},"folderId":null,"usages":[]}]
