[{"id":"user-image-Abhay-web-4-e1646542931980.jpg","publicUrl":"np://user.desktop.nicepage.com/Site_3065314163/images/Abhay-web-4-e1646542931980.jpg","size":83135,"hash":"awFwGZe5fDBbbNSwWFY1pAYNraI=","fileName":"Abhay-web-4-e1646542931980.jpg","name":"Abhay-web-4-e1646542931980","width":390,"height":654,"thumbnail":{"url":"np://user.desktop.nicepage.com/Site_3065314163/images/thumbnails/Abhay-web-4-e1646542931980.jpg","width":149,"height":250},"folderId":null,"usages":["649621642"]},{"id":"user-image-Shri-Web.jpg","publicUrl":"np://user.desktop.nicepage.com/Site_3065314163/images/Shri-Web.jpg","size":74601,"hash":"1FRacCtlh0be5wf65eV6qsF/7vI=","fileName":"Shri-Web.jpg","name":"Shri-Web","width":520,"height":694,"thumbnail":{"url":"np://user.desktop.nicepage.com/Site_3065314163/images/thumbnails/Shri-Web.jpg","width":187,"height":250},"folderId":null,"usages":["649621642"]},{"id":"user-image-Sanket-Web.jpg","publicUrl":"np://user.desktop.nicepage.com/Site_3065314163/images/Sanket-Web.jpg","size":221901,"hash":"mPOeZl1IGOSZOv+dx8eSgZoApfU=","fileName":"Sanket-Web.jpg","name":"Sanket-Web","width":650,"height":867,"thumbnail":{"url":"np://user.desktop.nicepage.com/Site_3065314163/images/thumbnails/Sanket-Web.jpg","width":187,"height":250},"folderId":null,"usages":["649621642"]},{"id":"user-image-tyry.jpg","publicUrl":"np://user.desktop.nicepage.com/Site_3065314163/images/tyry.jpg","size":91194,"hash":"3PESsQtEL6pzd9CZHfLuihM98Zo=","fileName":"tyry.jpg","name":"tyry","width":700,"height":863,"thumbnail":{"url":"np://user.desktop.nicepage.com/Site_3065314163/images/thumbnails/tyry.jpg","width":203,"height":250},"folderId":null,"originalUrl":"https://assets.nicepagecdn.com/d2cc3eaa/324073/images/tyry.jpg","usages":[]},{"id":"user-image-tuyty.jpg","publicUrl":"np://user.desktop.nicepage.com/Site_3065314163/images/tuyty.jpg","size":137833,"hash":"VHiUOOQ5h4I7WNqo/YKrVmaH//8=","fileName":"tuyty.jpg","name":"tuyty","width":700,"height":863,"thumbnail":{"url":"np://user.desktop.nicepage.com/Site_3065314163/images/thumbnails/tuyty.jpg","width":203,"height":250},"folderId":null,"originalUrl":"https://assets.nicepagecdn.com/d2cc3eaa/324073/images/tuyty.jpg","usages":[]},{"id":"user-image-5674.jpg","publicUrl":"np://user.desktop.nicepage.com/Site_3065314163/images/5674.jpg","size":139601,"hash":"cS0Gzx9TX/S9pZVQK/KXc32+ckY=","fileName":"5674.jpg","name":"5674","width":700,"height":863,"thumbnail":{"url":"np://user.desktop.nicepage.com/Site_3065314163/images/thumbnails/5674.jpg","width":203,"height":250},"folderId":null,"originalUrl":"https://assets.nicepagecdn.com/d2cc3eaa/324073/images/5674.jpg","usages":[]},{"id":"user-image-67777.jpg","publicUrl":"np://user.desktop.nicepage.com/Site_3065314163/images/67777.jpg","size":109778,"hash":"VuS/ELNCQOopZvLfACdOsByv6VM=","fileName":"67777.jpg","name":"67777","width":700,"height":863,"thumbnail":{"url":"np://user.desktop.nicepage.com/Site_3065314163/images/thumbnails/67777.jpg","width":203,"height":250},"folderId":null,"originalUrl":"https://assets.nicepagecdn.com/d2cc3eaa/324073/images/67777.jpg","usages":[]},{"id":"user-image-5464.jpg","publicUrl":"np://user.desktop.nicepage.com/Site_3065314163/images/5464.jpg","size":104811,"hash":"KgYj2stUbRqkwsZrlV0Q7dLdnzk=","fileName":"5464.jpg","name":"5464","width":700,"height":863,"thumbnail":{"url":"np://user.desktop.nicepage.com/Site_3065314163/images/thumbnails/5464.jpg","width":203,"height":250},"folderId":null,"originalUrl":"https://assets.nicepagecdn.com/d2cc3eaa/324073/images/5464.jpg","usages":[]},{"id":"user-image-43534.jpg","publicUrl":"np://user.desktop.nicepage.com/Site_3065314163/images/43534.jpg","size":74545,"hash":"0QhFMKMkHfSwkPeEhdG2rfwkGjk=","fileName":"43534.jpg","name":"43534","width":700,"height":863,"thumbnail":{"url":"np://user.desktop.nicepage.com/Site_3065314163/images/thumbnails/43534.jpg","width":203,"height":250},"folderId":null,"originalUrl":"https://assets.nicepagecdn.com/d2cc3eaa/324073/images/43534.jpg","usages":[]},{"id":"user-image-fsr.jpg","publicUrl":"np://user.desktop.nicepage.com/Site_3065314163/images/fsr.jpg","size":47095,"hash":"I0OXXhN+QwIdqnukOhuSjcW/6W4=","fileName":"fsr.jpg","name":"fsr","width":626,"height":417,"thumbnail":{"url":"np://user.desktop.nicepage.com/Site_3065314163/images/thumbnails/fsr.jpg","width":250,"height":167},"folderId":null,"originalUrl":"//images01.nicepagecdn.com/c461c07a441a5d220e8feb1a/24c300c9627254aabe43dd21/fsr.jpg","usages":[]},{"id":"user-image-ds.jpg","publicUrl":"np://user.desktop.nicepage.com/Site_3065314163/images/ds.jpg","size":13507,"hash":"AV+5JsaoGYSy2MUgijWIkgt+0/g=","fileName":"ds.jpg","name":"ds","width":206,"height":206,"thumbnail":{"url":"np://user.desktop.nicepage.com/Site_3065314163/images/thumbnails/ds.jpg","height":206,"width":206,"length":13507,"type":"jpg"},"folderId":null,"originalUrl":"//images01.nicepagecdn.com/c461c07a441a5d220e8feb1a/c09014f9e7715438bb869fbb/ds.jpg","usages":[]},{"id":"user-image-w.jpg","publicUrl":"np://user.desktop.nicepage.com/Site_3065314163/images/w.jpg","size":13464,"hash":"e7c9NX//eHiYKWHs5e7xesSXXw8=","fileName":"w.jpg","name":"w","width":206,"height":206,"thumbnail":{"url":"np://user.desktop.nicepage.com/Site_3065314163/images/thumbnails/w.jpg","height":206,"width":206,"length":13464,"type":"jpg"},"folderId":null,"originalUrl":"//images01.nicepagecdn.com/c461c07a441a5d220e8feb1a/a5a678d8dfcf5f8dabb3c9bf/w.jpg","usages":[]},{"id":"user-image-gffgfg.jpg","publicUrl":"np://user.desktop.nicepage.com/Site_3065314163/images/gffgfg.jpg","size":13800,"hash":"bV3ro/kscUbdC1F9mXGM1wOUqBU=","fileName":"gffgfg.jpg","name":"gffgfg","width":206,"height":206,"thumbnail":{"url":"np://user.desktop.nicepage.com/Site_3065314163/images/thumbnails/gffgfg.jpg","height":206,"width":206,"length":13800,"type":"jpg"},"folderId":null,"originalUrl":"//images01.nicepagecdn.com/c461c07a441a5d220e8feb1a/b8826e852f63537a8c1ef575/gffgfg.jpg","usages":[]},{"id":"user-image-pexels-photo-1181690.jpeg","publicUrl":"np://user.desktop.nicepage.com/Site_3065314163/images/pexels-photo-1181690.jpeg","size":170690,"hash":"63St8JyrFoTZsoCt41Yg5aDie9M=","fileName":"pexels-photo-1181690.jpeg","name":"pexels-photo-1181690","width":2250,"height":1500,"thumbnail":{"url":"np://user.desktop.nicepage.com/Site_3065314163/images/thumbnails/pexels-photo-1181690.jpeg","width":250,"height":167},"folderId":null,"originalUrl":"https://assets.nicepagecdn.com/11a8ddce/3964133/images/pexels-photo-1181690.jpeg","usages":[]},{"id":"user-image-pexels-christina-morillo-1181292.jpg","publicUrl":"np://user.desktop.nicepage.com/Site_3065314163/images/pexels-christina-morillo-1181292.jpg","size":195720,"hash":"BGG7N75wb5i2GsK4IvrT6nAIBAg=","fileName":"pexels-christina-morillo-1181292.jpg","name":"pexels-christina-morillo-1181292","width":1280,"height":1918,"thumbnail":{"url":"np://user.desktop.nicepage.com/Site_3065314163/images/thumbnails/pexels-christina-morillo-1181292.jpg","width":167,"height":250},"folderId":null,"originalUrl":"https://assets.nicepagecdn.com/11a8ddce/3964133/images/pexels-christina-morillo-1181292.jpg","usages":[]},{"id":"user-image-about-us-img-1.jpg","publicUrl":"np://user.desktop.nicepage.com/Site_3065314163/images/about-us-img-1.jpg","size":170651,"hash":"1+N17HVifz3RX77y4859J04WOWQ=","fileName":"about-us-img-1.jpg","name":"about-us-img-1","width":1920,"height":355,"thumbnail":{"url":"np://user.desktop.nicepage.com/Site_3065314163/images/thumbnails/about-us-img-1.jpg","width":250,"height":46},"folderId":null,"usages":["649621642"]},{"id":"user-image-services1.jpg","publicUrl":"np://user.desktop.nicepage.com/Site_3065314163/images/services1.jpg","size":86622,"hash":"z6N3UOFRh4E53dJbTEY1hCJ7GYs=","fileName":"services1.jpg","name":"services1","width":1920,"height":355,"thumbnail":{"url":"np://user.desktop.nicepage.com/Site_3065314163/images/thumbnails/services1.jpg","width":250,"height":46},"folderId":null,"usages":["1686415624"]},{"id":"user-image-10312781.png","publicUrl":"np://user.desktop.nicepage.com/Site_3065314163/images/10312781.png","size":2786,"hash":"PbknbiKMQUCfJ/2Kx7oYMOsUGU4=","fileName":"10312781.png","name":"10312781","width":128,"height":128,"thumbnail":{"url":"np://user.desktop.nicepage.com/Site_3065314163/images/thumbnails/10312781.png","width":128,"height":128,"length":2786,"type":"png"},"folderId":null,"originalUrl":"https://assets.nicepagecdn.com/d2cc3eaa/1644434/images/10312781.png","usages":[]},{"id":"user-image-7542130.png","publicUrl":"np://user.desktop.nicepage.com/Site_3065314163/images/7542130.png","size":2913,"hash":"FdAcFzYncmHklCX9wbxQ3u68ZYU=","fileName":"7542130.png","name":"7542130","width":128,"height":128,"thumbnail":{"url":"np://user.desktop.nicepage.com/Site_3065314163/images/thumbnails/7542130.png","width":128,"height":128,"length":2913,"type":"png"},"folderId":null,"originalUrl":"https://assets.nicepagecdn.com/d2cc3eaa/1644434/images/7542130.png","usages":[]},{"id":"user-image-3002389.png","publicUrl":"np://user.desktop.nicepage.com/Site_3065314163/images/3002389.png","size":4783,"hash":"DyaWwC+/MeW99T4F2S8KJPpoK/s=","fileName":"3002389.png","name":"3002389","width":128,"height":128,"thumbnail":{"url":"np://user.desktop.nicepage.com/Site_3065314163/images/thumbnails/3002389.png","width":128,"height":128,"length":4783,"type":"png"},"folderId":null,"originalUrl":"https://assets.nicepagecdn.com/d2cc3eaa/1644434/images/3002389.png","usages":[]},{"id":"user-image-C-Ecy-Web-1-600x6331.png","publicUrl":"np://user.desktop.nicepage.com/Site_3065314163/images/C-Ecy-Web-1-600x6331.png","size":308838,"hash":"+9m8IXq6n5A6XDWasuZgn9DmcRo=","fileName":"C-Ecy-Web-1-600x6331.png","name":"C-Ecy-Web-1-600x6331","width":600,"height":633,"thumbnail":{"url":"np://user.desktop.nicepage.com/Site_3065314163/images/thumbnails/C-Ecy-Web-1-600x6331.png","width":237,"height":250},"folderId":null,"usages":["70934435"]},{"id":"user-image-C-Sunflower-Web-1-1-600x6331.png","publicUrl":"np://user.desktop.nicepage.com/Site_3065314163/images/C-Sunflower-Web-1-1-600x6331.png","size":346014,"hash":"pCEXKnyvRij2YxhjrHDzoA4S0Io=","fileName":"C-Sunflower-Web-1-1-600x6331.png","name":"C-Sunflower-Web-1-1-600x6331","width":600,"height":633,"thumbnail":{"url":"np://user.desktop.nicepage.com/Site_3065314163/images/thumbnails/C-Sunflower-Web-1-1-600x6331.png","width":237,"height":250},"folderId":null,"usages":["70934435"]},{"id":"user-image-C-Tulsi-Webpng-1-600x6331.png","publicUrl":"np://user.desktop.nicepage.com/Site_3065314163/images/C-Tulsi-Webpng-1-600x6331.png","size":318396,"hash":"MeMNnm+T2W3zXuJs+zzKdPNRcWY=","fileName":"C-Tulsi-Webpng-1-600x6331.png","name":"C-Tulsi-Webpng-1-600x6331","width":600,"height":633,"thumbnail":{"url":"np://user.desktop.nicepage.com/Site_3065314163/images/thumbnails/C-Tulsi-Webpng-1-600x6331.png","width":237,"height":250},"folderId":null,"usages":[]},{"id":"user-image-C-Raw-Honey-Web-1-600x6331.png","publicUrl":"np://user.desktop.nicepage.com/Site_3065314163/images/C-Raw-Honey-Web-1-600x6331.png","size":297718,"hash":"mDFmDyXn0X/GhGj3k954oWwl7Rc=","fileName":"C-Raw-Honey-Web-1-600x6331.png","name":"C-Raw-Honey-Web-1-600x6331","width":600,"height":633,"thumbnail":{"url":"np://user.desktop.nicepage.com/Site_3065314163/images/thumbnails/C-Raw-Honey-Web-1-600x6331.png","width":237,"height":250},"folderId":null,"usages":[]},{"id":"user-image-h2-img-3.jpg","publicUrl":"np://user.desktop.nicepage.com/Site_3065314163/images/h2-img-3.jpg","size":48290,"hash":"9iiqUhGkhlDO/azSJ/Ea8z4boiU=","fileName":"h2-img-3.jpg","name":"h2-img-3","width":308,"height":574,"thumbnail":{"url":"np://user.desktop.nicepage.com/Site_3065314163/images/thumbnails/h2-img-3.jpg","width":134,"height":250},"folderId":null,"usages":["70934435","649621642"]},{"id":"user-image-4081min.jpg","publicUrl":"np://user.desktop.nicepage.com/Site_3065314163/images/4081min.jpg","size":78513,"hash":"YaPYvakx7LyHzV1SL6XXHYokS2o=","fileName":"4081min.jpg","name":"4081min","width":700,"height":885,"thumbnail":{"url":"np://user.desktop.nicepage.com/Site_3065314163/images/thumbnails/4081min.jpg","width":198,"height":250},"folderId":null,"originalUrl":"//images03.nicepagecdn.com/c461c07a441a5d220e8feb1a/6a1104b3d27f522c8ed33183/4081min.jpg","usages":[]},{"id":"user-image-C-Sunflower-Web-1-1-600x633.png","publicUrl":"np://user.desktop.nicepage.com/Site_3065314163/images/C-Sunflower-Web-1-1-600x633.png","size":298481,"hash":"yICEGA1tIfd6drYS+x5RNakEpbY=","fileName":"C-Sunflower-Web-1-1-600x633.png","name":"C-Sunflower-Web-1-1-600x633","width":600,"height":633,"thumbnail":{"url":"np://user.desktop.nicepage.com/Site_3065314163/images/thumbnails/C-Sunflower-Web-1-1-600x633.png","width":237,"height":250},"folderId":null,"usages":[]},{"id":"user-image-sanket-pic.jpg","publicUrl":"np://user.desktop.nicepage.com/Site_3065314163/images/sanket-pic.jpg","size":373290,"hash":"3TYkbACXjmus6JyZcQM61X+Dvaw=","fileName":"sanket-pic.jpg","name":"sanket-pic","width":960,"height":1280,"thumbnail":{"url":"np://user.desktop.nicepage.com/Site_3065314163/images/thumbnails/sanket-pic.jpg","width":188,"height":250},"folderId":null,"usages":[]},{"id":"user-image-C-Raw-Honey-Web-1-600x633.png","publicUrl":"np://user.desktop.nicepage.com/Site_3065314163/images/C-Raw-Honey-Web-1-600x633.png","size":250275,"hash":"eMIEMXwBZ3puvwqScAR4gNl/P88=","fileName":"C-Raw-Honey-Web-1-600x633.png","name":"C-Raw-Honey-Web-1-600x633","width":600,"height":633,"thumbnail":{"url":"np://user.desktop.nicepage.com/Site_3065314163/images/thumbnails/C-Raw-Honey-Web-1-600x633.png","width":237,"height":250},"folderId":null,"usages":[]},{"id":"user-image-C-Tulsi-Webpng-1-600x633.png","publicUrl":"np://user.desktop.nicepage.com/Site_3065314163/images/C-Tulsi-Webpng-1-600x633.png","size":268050,"hash":"z5RgZfRllmunvZ2Xpy56VGL3V0Y=","fileName":"C-Tulsi-Webpng-1-600x633.png","name":"C-Tulsi-Webpng-1-600x633","width":600,"height":633,"thumbnail":{"url":"np://user.desktop.nicepage.com/Site_3065314163/images/thumbnails/C-Tulsi-Webpng-1-600x633.png","width":237,"height":250},"folderId":null,"usages":[]},{"id":"user-image-C-Ecy-Web-1-600x633.png","publicUrl":"np://user.desktop.nicepage.com/Site_3065314163/images/C-Ecy-Web-1-600x633.png","size":290139,"hash":"s4evP3ufLPqNxeLMbWTwU5Ou4e4=","fileName":"C-Ecy-Web-1-600x633.png","name":"C-Ecy-Web-1-600x633","width":600,"height":633,"thumbnail":{"url":"np://user.desktop.nicepage.com/Site_3065314163/images/thumbnails/C-Ecy-Web-1-600x633.png","width":237,"height":250},"folderId":null,"usages":[]},{"id":"user-image-farmbuddy-naturals-logo.png","publicUrl":"np://user.desktop.nicepage.com/Site_3065314163/images/farmbuddy-naturals-logo.png","size":191332,"hash":"6IaDJWMJ5/DEI4IQnryE4QEqqIs=","fileName":"farmbuddy-naturals-logo.png","name":"farmbuddy-naturals-logo","width":2435,"height":998,"thumbnail":{"url":"np://user.desktop.nicepage.com/Site_3065314163/images/thumbnails/farmbuddy-naturals-logo.png","width":250,"height":102},"folderId":null,"usages":[]}]
