[{"id":902304154,"title":"Blog Template","order":1,"templateKey":"blog","customTemplate":false,"customTemplateFilename":null,"pageLinks":[],"dateCreated":"2023-11-15T00:40:04.760Z","dateUpdated":"2023-11-15T00:40:06.988Z","folderId":null,"pageName":"Blog Template","serverPageId":null,"sectionCount":1,"status":2,"backwardUrl":null},{"id":169298957,"title":"Post Template","order":2,"templateKey":"post","customTemplate":false,"customTemplateFilename":null,"pageLinks":[],"dateCreated":"2023-11-15T00:40:05.012Z","dateUpdated":"2023-11-15T00:40:06.989Z","folderId":null,"pageName":"Post Template","serverPageId":null,"sectionCount":1,"status":2,"backwardUrl":null},{"id":786522996,"title":"Product List Template","order":3,"templateKey":"products","customTemplate":false,"customTemplateFilename":null,"pageLinks":[],"dateCreated":"2023-11-15T00:40:05.201Z","dateUpdated":"2023-11-15T00:40:06.989Z","folderId":null,"pageName":"Product List Template","serverPageId":null,"sectionCount":1,"status":2,"backwardUrl":null},{"id":57616276,"title":"Product Details Template","order":4,"templateKey":"product","customTemplate":false,"customTemplateFilename":null,"pageLinks":[],"dateCreated":"2023-11-15T00:40:05.424Z","dateUpdated":"2023-11-15T00:40:06.989Z","folderId":null,"pageName":"Product Details Template","serverPageId":null,"sectionCount":1,"status":2,"backwardUrl":null},{"id":785502490,"title":"Shopping Cart Template","order":5,"templateKey":"cart","customTemplate":false,"customTemplateFilename":null,"pageLinks":[],"dateCreated":"2023-11-15T00:40:05.610Z","dateUpdated":"2023-11-15T00:40:06.990Z","folderId":null,"pageName":"Shopping Cart Template","serverPageId":null,"sectionCount":1,"status":2,"backwardUrl":null},{"id":55523998,"title":"Checkout Template","order":6,"templateKey":"checkout","customTemplate":false,"customTemplateFilename":null,"pageLinks":[],"dateCreated":"2023-11-15T00:40:05.945Z","dateUpdated":"2023-11-15T00:40:06.990Z","folderId":null,"pageName":"Checkout Template","serverPageId":null,"sectionCount":1,"status":2,"backwardUrl":null},{"id":149869805,"title":"Login Template","order":7,"templateKey":"login","customTemplate":false,"customTemplateFilename":null,"pageLinks":[],"dateCreated":"2023-11-15T00:40:06.099Z","dateUpdated":"2023-11-15T00:40:06.990Z","folderId":null,"pageName":"Login Template","serverPageId":null,"sectionCount":1,"status":2,"backwardUrl":null},{"id":24132913,"title":"Page Password Template","order":8,"templateKey":"password","customTemplate":false,"customTemplateFilename":null,"pageLinks":[],"dateCreated":"2023-11-15T00:40:06.202Z","dateUpdated":"2023-11-15T00:40:06.990Z","folderId":null,"pageName":"Page Password Template","serverPageId":null,"sectionCount":1,"status":2,"backwardUrl":null},{"id":72725820,"title":"404 Not Found Template","order":9,"templateKey":"404","customTemplate":false,"customTemplateFilename":null,"pageLinks":[],"dateCreated":"2023-11-15T00:40:06.295Z","dateUpdated":"2023-11-15T00:40:06.991Z","folderId":null,"pageName":"404 Not Found Template","serverPageId":null,"sectionCount":1,"status":2,"backwardUrl":null},{"id":299054440,"title":"Thank You Page Template","order":10,"templateKey":"ThankYou","customTemplate":false,"customTemplateFilename":null,"pageLinks":[],"dateCreated":"2023-11-15T00:40:06.374Z","dateUpdated":"2023-11-15T00:40:06.991Z","folderId":null,"pageName":"Thank You Page Template","serverPageId":null,"sectionCount":1,"status":2,"backwardUrl":null},{"id":973604490,"title":"About","order":100,"templateKey":null,"customTemplate":false,"customTemplateFilename":null,"pageLinks":[],"dateCreated":"2023-11-15T00:40:06.425Z","dateUpdated":"2023-11-15T00:40:06.995Z","folderId":null,"pageName":"About_973604490","serverPageId":null,"sectionCount":1,"status":2,"backwardUrl":null},{"id":65707534,"title":"Contact","order":101,"templateKey":null,"customTemplate":false,"customTemplateFilename":null,"pageLinks":[],"dateCreated":"2023-11-15T00:40:06.472Z","dateUpdated":"2023-11-15T00:40:06.995Z","folderId":null,"pageName":"Contact_65707534","serverPageId":null,"sectionCount":1,"status":2,"backwardUrl":null}]
