[{"id":1042118805,"title":"Blog Template","order":1,"templateKey":"blog","customTemplate":false,"customTemplateFilename":null,"pageLinks":["5","4","3"],"dateCreated":"2025-09-06T04:59:53.788Z","dateUpdated":"2025-09-06T04:59:54.816Z","folderId":null,"pageName":"Blog Template","serverPageId":null,"sectionCount":1,"status":2,"backwardUrl":null},{"id":76799256,"title":"Post Template","order":2,"templateKey":"post","customTemplate":false,"customTemplateFilename":null,"pageLinks":[],"dateCreated":"2025-09-06T04:59:53.876Z","dateUpdated":"2025-09-06T04:59:54.817Z","folderId":null,"pageName":"Post Template","serverPageId":null,"sectionCount":1,"status":2,"backwardUrl":null},{"id":54900894,"title":"Product List Template","order":3,"templateKey":"products","customTemplate":false,"customTemplateFilename":null,"pageLinks":[],"dateCreated":"2025-09-06T04:59:53.968Z","dateUpdated":"2025-09-06T04:59:54.817Z","folderId":null,"pageName":"Product List Template","serverPageId":null,"sectionCount":1,"status":2,"backwardUrl":null},{"id":833008396,"title":"Product Details Template","order":4,"templateKey":"product","customTemplate":false,"customTemplateFilename":null,"pageLinks":[],"dateCreated":"2025-09-06T04:59:54.130Z","dateUpdated":"2025-09-06T04:59:54.817Z","folderId":null,"pageName":"Product Details Template","serverPageId":null,"sectionCount":1,"status":2,"backwardUrl":null},{"id":21421132,"title":"Shopping Cart Template","order":5,"templateKey":"cart","customTemplate":false,"customTemplateFilename":null,"pageLinks":[],"dateCreated":"2025-09-06T04:59:54.237Z","dateUpdated":"2025-09-06T04:59:54.817Z","folderId":null,"pageName":"Shopping Cart Template","serverPageId":null,"sectionCount":1,"status":2,"backwardUrl":null},{"id":3043203885,"title":"Checkout Template","order":6,"templateKey":"checkout","customTemplate":false,"customTemplateFilename":null,"pageLinks":[],"dateCreated":"2025-09-06T04:59:54.339Z","dateUpdated":"2025-09-06T04:59:54.817Z","folderId":null,"pageName":"Checkout Template","serverPageId":null,"sectionCount":1,"status":2,"backwardUrl":null},{"id":872903551,"title":"Login Template","order":7,"templateKey":"login","customTemplate":false,"customTemplateFilename":null,"pageLinks":[],"dateCreated":"2025-09-06T04:59:54.396Z","dateUpdated":"2025-09-06T04:59:54.817Z","folderId":null,"pageName":"Login Template","serverPageId":null,"sectionCount":1,"status":2,"backwardUrl":null},{"id":283658380,"title":"Search Page Template","order":8,"templateKey":"Search","customTemplate":false,"customTemplateFilename":null,"pageLinks":[],"dateCreated":"2025-09-06T04:59:54.438Z","dateUpdated":"2025-09-06T04:59:54.817Z","folderId":null,"pageName":"Search Page Template","serverPageId":null,"sectionCount":1,"status":2,"backwardUrl":null},{"id":540801872,"title":"Page Password Template","order":9,"templateKey":"password","customTemplate":false,"customTemplateFilename":null,"pageLinks":[],"dateCreated":"2025-09-06T04:59:54.486Z","dateUpdated":"2025-09-06T04:59:54.817Z","folderId":null,"pageName":"Page Password Template","serverPageId":null,"sectionCount":1,"status":2,"backwardUrl":null},{"id":176879332,"title":"404 Not Found Template","order":10,"templateKey":"404","customTemplate":false,"customTemplateFilename":null,"pageLinks":[],"dateCreated":"2025-09-06T04:59:54.526Z","dateUpdated":"2025-09-06T04:59:54.818Z","folderId":null,"pageName":"404 Not Found Template","serverPageId":null,"sectionCount":1,"status":2,"backwardUrl":null},{"id":1529622338,"title":"Thank You Page Template","order":11,"templateKey":"ThankYou","customTemplate":false,"customTemplateFilename":null,"pageLinks":[],"dateCreated":"2025-09-06T04:59:54.559Z","dateUpdated":"2025-09-06T04:59:54.818Z","folderId":null,"pageName":"Thank You Page Template","serverPageId":null,"sectionCount":1,"status":2,"backwardUrl":null},{"id":3320268,"title":"Home","order":50,"templateKey":null,"customTemplate":false,"customTemplateFilename":null,"pageLinks":[],"dateCreated":"2025-09-06T04:59:55.223Z","dateUpdated":"2025-09-06T04:59:58.171Z","folderId":null,"pageName":"Home_3320268","serverPageId":null,"sectionCount":1,"status":2,"backwardUrl":null},{"id":1351704033,"title":"About","order":100,"templateKey":null,"customTemplate":false,"customTemplateFilename":null,"pageLinks":[],"dateCreated":"2025-09-06T04:59:54.585Z","dateUpdated":"2025-09-06T04:59:54.818Z","folderId":null,"pageName":"About_1351704033","serverPageId":null,"sectionCount":1,"status":2,"backwardUrl":null},{"id":242692783,"title":"Contact","order":101,"templateKey":null,"customTemplate":false,"customTemplateFilename":null,"pageLinks":[],"dateCreated":"2025-09-06T04:59:54.608Z","dateUpdated":"2025-09-06T04:59:54.818Z","folderId":null,"pageName":"Contact_242692783","serverPageId":null,"sectionCount":1,"status":2,"backwardUrl":null},{"id":43024523,"title":"Page 1","order":102,"templateKey":null,"customTemplate":false,"customTemplateFilename":null,"pageLinks":[],"dateCreated":"2025-09-06T05:00:08.846Z","dateUpdated":"2025-09-06T05:01:45.145Z","folderId":null,"pageName":"Page 1_43024523","serverPageId":null,"sectionCount":3,"status":2,"backwardUrl":null}]
