{"id":194530043,"isReadOnly":false,"metaTags":null,"headHtml":null,"customCss":null,"headerHtml":"<section class=\"u-clearfix u-header u-block-9a12-1\" custom-posts-hash=\"[]\" data-style=\"header-imglogo-menu\" data-post-id=\"post3\" data-section-properties=\"{&quot;grid-spacing&quot;:&quot;0&quot;,&quot;align&quot;:&quot;left&quot;,&quot;stretch&quot;:true}\" id=\"header\" data-outline-name=\"Header\" data-source=\"\" data-id=\"9a12\">\n  <div class=\"u-clearfix u-sheet u-valign-middle u-block-9a12-2\">\n    <a href=\"#\" class=\"u-image u-logo u-block-9a12-8\" data-brightness=\"\">\n      <img src=\"np://app.desktop.nicepage.com/images/default-logo.png?rand=ffb4\" class=\"u-logo-image u-block-9a12-10\">\n    </a>\n    <nav class=\"u-menu u-menu-one-level u-offcanvas u-block-9a12-11\">\n      <div class=\"menu-collapse\" style=\"font-size: 1rem; letter-spacing: 0px;\">\n        <a class=\"u-button-style u-custom-left-right-menu-spacing u-custom-padding-bottom u-custom-top-bottom-menu-spacing u-hamburger-link u-nav-link u-text-active-palette-1-base u-text-hover-palette-2-base u-block-9a12-19\" href=\"#\"><svg class=\"u-svg-link\" viewBox=\"0 0 24 24\"><use xlink:href=\"#menu-hamburger\"></use></svg><svg class=\"u-svg-content\" version=\"1.1\" id=\"menu-hamburger\" viewBox=\"0 0 16 16\" x=\"0px\" y=\"0px\" xmlns:xlink=\"http://www.w3.org/1999/xlink\" xmlns=\"http://www.w3.org/2000/svg\">    <g>        <rect y=\"1\" width=\"16\" height=\"2\"></rect>        <rect y=\"7\" width=\"16\" height=\"2\"></rect>        <rect y=\"13\" width=\"16\" height=\"2\"></rect>    </g></svg></a>\n      </div>\n      <div class=\"u-nav-container\">\n        <ul class=\"u-nav u-unstyled u-block-9a12-18\"><li class=\"u-nav-item\"><a class=\"u-button-style u-nav-link u-text-active-palette-1-base u-text-hover-palette-2-base\" href=\"About.html\" data-page-id=\"207526134\" style=\"padding: 10px 20px;\">About</a>\n</li><li class=\"u-nav-item\"><a class=\"u-button-style u-nav-link u-text-active-palette-1-base u-text-hover-palette-2-base\" href=\"Contact.html\" data-page-id=\"72768066\" style=\"padding: 10px 20px;\">Contact</a>\n</li></ul>\n      </div>\n      <div class=\"u-nav-container-collapse\">\n        <div class=\"u-black u-container-style u-inner-container-layout u-opacity u-opacity-95 u-sidenav u-block-9a12-14\">\n          <div class=\"u-inner-container-layout u-sidenav-overflow\">\n            <div class=\"u-menu-close u-block-9a12-15\"></div>\n            <ul class=\"u-align-center u-nav u-popupmenu-items u-unstyled u-block-9a12-16\"><li class=\"u-nav-item\"><a class=\"u-button-style u-nav-link\" href=\"About.html\" data-page-id=\"207526134\">About</a>\n</li><li class=\"u-nav-item\"><a class=\"u-button-style u-nav-link\" href=\"Contact.html\" data-page-id=\"72768066\">Contact</a>\n</li></ul>\n          </div>\n        </div>\n        <div class=\"u-black u-menu-overlay u-opacity u-opacity-70\"></div>\n      </div>\n    </nav>\n  </div>\n  <style data-mode=\"XL\" data-visited=\"true\">@media (min-width: 1200px){ .u-block-9a12-1 {background-image: none}\n.u-block-9a12-2 {min-height: 80px}\n.u-block-9a12-8 {width: 64px; height: 32px; margin-top: 22px; margin-right: auto; margin-bottom: 0px; margin-left: 0px}\n.u-block-9a12-10 {width: 100%; height: 100%}\n.u-block-9a12-11 {margin-top: -32px; margin-right: 0px; margin-bottom: 22px; margin-left: auto}\n.u-block-9a12-18 {font-size: 1rem; letter-spacing: 0px}\n.u-block-9a12-16 {font-size: 1.25rem} }</style>\n  <style data-mode=\"LG\" data-visited=\"true\">@media (max-width: 1199px) and (min-width: 992px){ .u-block-9a12-1 {background-image: none}\n.u-block-9a12-2 {min-height: 80px}\n.u-block-9a12-8 {margin-top: 22px; margin-right: auto; margin-bottom: 0px; margin-left: 0px; width: 64px; height: 32px}\n.u-block-9a12-10 {width: 100%; height: 100%}\n.u-block-9a12-11 {width: auto; margin-top: -32px; margin-right: 0px; margin-bottom: 22px; margin-left: auto}\n.u-block-9a12-18 {font-size: 1rem; letter-spacing: 0px}\n.u-block-9a12-16 {font-size: 1.25rem} }</style>\n  <style data-mode=\"MD\" data-visited=\"true\">@media (max-width: 991px) and (min-width: 768px){ .u-block-9a12-1 {background-image: none}\n.u-block-9a12-2 {min-height: 80px}\n.u-block-9a12-8 {margin-top: 22px; margin-right: auto; margin-bottom: 0px; margin-left: 0px; width: 64px; height: 32px}\n.u-block-9a12-10 {width: 100%; height: 100%}\n.u-block-9a12-11 {width: auto; margin-top: -32px; margin-right: 0px; margin-bottom: 22px; margin-left: auto}\n.u-block-9a12-18 {font-size: 1rem; letter-spacing: 0px}\n.u-block-9a12-16 {font-size: 1.25rem} }</style>\n  <style data-mode=\"SM\" data-visited=\"true\">@media (max-width: 767px) and (min-width: 576px){ .u-block-9a12-1 {background-image: none}\n.u-block-9a12-2 {min-height: 80px}\n.u-block-9a12-8 {margin-top: 22px; margin-right: auto; margin-bottom: 0px; margin-left: 0px; width: 64px; height: 32px}\n.u-block-9a12-10 {width: 100%; height: 100%}\n.u-block-9a12-11 {width: auto; margin-top: -32px; margin-right: 0px; margin-bottom: 22px; margin-left: auto}\n.u-block-9a12-18 {font-size: 1rem; letter-spacing: 0px}\n.u-block-9a12-16 {font-size: 1.25rem} }</style>\n  <style data-mode=\"XS\" data-visited=\"true\">@media (max-width: 575px){ .u-block-9a12-1 {background-image: none}\n.u-block-9a12-2 {min-height: 80px}\n.u-block-9a12-8 {margin-top: 22px; margin-right: auto; margin-bottom: 0px; margin-left: 0px; width: 64px; height: 32px}\n.u-block-9a12-10 {width: 100%; height: 100%}\n.u-block-9a12-11 {width: auto; margin-top: -32px; margin-right: 0px; margin-bottom: 22px; margin-left: auto}\n.u-block-9a12-18 {font-size: 1rem; letter-spacing: 0px}\n.u-block-9a12-16 {font-size: 1.25rem} }</style>\n</section>","footerHtml":"<section class=\"u-align-center u-clearfix u-container-align-center u-footer u-grey-80 u-block-6800-1\" custom-posts-hash=\"T\" data-style=\"footer-1-text\" data-post-id=\"post8\" data-section-properties=\"{&quot;grid-spacing&quot;:&quot;30&quot;,&quot;spacingAdditional&quot;:&quot;none&quot;,&quot;align&quot;:&quot;&quot;,&quot;stretch&quot;:true}\" id=\"footer\" data-outline-name=\"Footer\" data-source=\"\" data-id=\"6800\">\n  <div class=\"u-clearfix u-sheet u-block-6800-2\">\n    <p class=\"u-small-text u-text u-text-variant u-block-6800-6\">Sample text. Click to select the Text Element.</p>\n  </div>\n  <style data-mode=\"XL\">@media (min-width: 1200px){ .u-block-6800-1 {background-image: none}\n.u-block-6800-2 {min-height: 120px}\n.u-block-6800-6 {width: 417px; margin-top: 49px; margin-bottom: 49px; margin-left: auto; margin-right: auto} }</style>\n  <style data-mode=\"LG\">@media (max-width: 1199px) and (min-width: 992px){ .u-block-6800-1 {background-image: none}\n.u-block-6800-2 {min-height: 99px}\n.u-block-6800-6 {width: 417px; margin-top: 49px; margin-bottom: 49px; margin-left: auto; margin-right: auto} }</style>\n  <style data-mode=\"MD\">@media (max-width: 991px) and (min-width: 768px){ .u-block-6800-1 {background-image: none}\n.u-block-6800-2 {min-height: 76px}\n.u-block-6800-6 {width: 417px; margin-top: 49px; margin-bottom: 49px; margin-left: auto; margin-right: auto} }</style>\n  <style data-mode=\"SM\">@media (max-width: 767px) and (min-width: 576px){ .u-block-6800-1 {background-image: none}\n.u-block-6800-2 {min-height: 57px}\n.u-block-6800-6 {width: 417px; margin-top: 49px; margin-bottom: 49px; margin-left: auto; margin-right: auto} }</style>\n  <style data-mode=\"XS\">@media (max-width: 575px){ .u-block-6800-1 {background-image: none}\n.u-block-6800-2 {min-height: 36px}\n.u-block-6800-6 {width: 340px; margin-top: 49px; margin-bottom: 49px; margin-left: auto; margin-right: auto} }</style>\n</section>","hideBacklink":null,"dateUpdated":1746051130965,"settings":"{\"colorScheme\":{\"name\":\"summer-time\",\"isDefault\":true,\"bodyColors\":[\"#111111\",\"#ffffff\"],\"colors\":[\"#478ac9\",\"#db545a\",\"#f1c50e\",\"#2cccc4\",\"#b9c1cc\"],\"bgColor\":\"#ffffff\",\"shadingContrast\":\"body-alt-color\",\"whiteContrast\":\"body-color\",\"bgContrast\":\"body-color\"},\"fontScheme\":{\"name\":\"Roboto-OpenSans\",\"default\":true,\"isDefault\":true,\"fonts\":{\"heading\":\"Roboto, sans-serif\",\"text\":\"Open Sans, sans-serif\",\"accent\":\"Arial, sans-serif\",\"headingTitle\":\"Roboto\",\"textTitle\":\"Open Sans\"}},\"typography\":{\"name\":\"Normal-1\",\"isDefault\":true,\"title\":{\"font-weight\":\"400\",\"font-size\":6,\"line-height\":\"1_1\",\"margin-top\":20,\"margin-bottom\":20,\"LG\":{\"font-size\":4.5},\"SM\":{\"font-size\":3.75},\"XS\":{\"font-size\":3}},\"subtitle\":{\"font-weight\":\"400\",\"font-size\":3,\"line-height\":\"1_1\",\"margin-top\":20,\"margin-bottom\":20,\"SM\":{\"font-size\":2.25},\"XS\":{\"font-size\":1.875}},\"h1\":{\"font-weight\":\"400\",\"font-size\":4.5,\"line-height\":\"1_1\",\"margin-top\":20,\"margin-bottom\":20,\"LG\":{\"font-size\":3.75},\"SM\":{\"font-size\":3},\"XS\":{\"font-size\":2.25}},\"h2\":{\"font-weight\":\"400\",\"font-size\":3,\"line-height\":\"1_1\",\"margin-top\":20,\"margin-bottom\":20,\"SM\":{\"font-size\":2.25},\"XS\":{\"font-size\":1.875}},\"h3\":{\"font-weight\":\"400\",\"font-size\":2.25,\"line-height\":\"1_2\",\"margin-top\":20,\"margin-bottom\":20,\"SM\":{\"font-size\":1.875},\"XS\":{\"font-size\":1.5}},\"h4\":{\"font-weight\":\"400\",\"font-size\":1.5,\"line-height\":\"1_2\",\"margin-top\":20,\"margin-bottom\":20},\"h5\":{\"font-weight\":\"400\",\"font-size\":1.25,\"line-height\":\"1_2\",\"margin-top\":20,\"margin-bottom\":20},\"h6\":{\"font-weight\":\"400\",\"font-size\":1.125,\"line-height\":\"1_2\",\"margin-top\":20,\"margin-bottom\":20},\"largeText\":{\"font-size\":1.5,\"margin-top\":20,\"margin-bottom\":20},\"smallText\":{\"font-size\":0.875,\"margin-top\":20,\"margin-bottom\":20},\"text\":{\"font-size\":1.125,\"margin-top\":20,\"margin-bottom\":20,\"line-height\":\"1_6\",\"SM\":{\"font-size\":1}},\"hyperlink\":{\"font-size\":1.125,\"text-color\":\"palette-1-base\",\"line-height\":\"1_6\",\"SM\":{\"font-size\":1}},\"link\":{},\"button\":{\"color\":\"palette-1-base\",\"margin-top\":20,\"margin-bottom\":20},\"blockquote\":{\"font-size\":1.125,\"font-style\":\"italic\",\"indent\":20,\"border\":4,\"border-color\":\"palette-1-base\",\"margin-top\":20,\"margin-bottom\":20,\"line-height\":\"1_6\",\"SM\":{\"font-size\":1}},\"metadata\":{\"margin-top\":20,\"margin-bottom\":20,\"line-height\":\"1_6\"},\"list\":{\"font-size\":1.125,\"margin-top\":20,\"margin-bottom\":20,\"line-height\":\"1_6\",\"SM\":{\"font-size\":1}},\"orderedlist\":{\"font-size\":1.125,\"margin-top\":20,\"margin-bottom\":20,\"line-height\":\"1_6\",\"SM\":{\"font-size\":1}},\"postContent\":{\"font-size\":1.125,\"margin-top\":20,\"margin-bottom\":20,\"line-height\":\"1_6\",\"SM\":{\"font-size\":1}},\"theme\":{\"gradient\":\"\",\"image\":\"\",\"sheet-width-xl\":1140,\"sheet-width-lg\":940,\"sheet-width-md\":720,\"sheet-width-sm\":540,\"sheet-width-xs\":340},\"htmlBaseSize\":16,\"form-input\":{\"border\":1,\"border-color\":\"grey-30\",\"borders\":\"top right bottom left\",\"color\":\"white\",\"text-color\":\"black\"}},\"backToTop\":\"<span style=\\\"height: 64px; width: 64px; margin-left: 0px; margin-right: auto; margin-top: 0px; background-image: none; right: 20px; bottom: 20px; padding: 15px\\\" class=\\\"u-back-to-top u-icon u-icon-circle u-opacity u-opacity-85 u-palette-1-base\\\" data-href=\\\"#\\\">\\n        <svg class=\\\"u-svg-link\\\" preserveAspectRatio=\\\"xMidYMin slice\\\" viewBox=\\\"0 0 551.13 551.13\\\">\\n            <use xmlns:xlink=\\\"http://www.w3.org/1999/xlink\\\" xlink:href=\\\"#svg-1d98\\\"></use>\\n        </svg>\\n        <svg class=\\\"u-svg-content\\\" enable-background=\\\"new 0 0 551.13 551.13\\\" viewBox=\\\"0 0 551.13 551.13\\\" xmlns=\\\"http://www.w3.org/2000/svg\\\" id=\\\"svg-1d98\\\">\\n            <path d=\\\"m275.565 189.451 223.897 223.897h51.668l-275.565-275.565-275.565 275.565h51.668z\\\"></path>\\n        </svg>\\n    </span>\",\"themeBackLinks\":\"{\\\"data-wp-back-link\\\":\\\"https://nicepage.com/wordpress-themes\\\",\\\"data-wp-back-link-title\\\":\\\"WordPress Theme\\\",\\\"data-jm-back-link\\\":\\\"https://nicepage.com/joomla-templates\\\",\\\"data-jm-back-link-title\\\":\\\"Joomla Templates\\\"}\",\"lang\":\"en\",\"dialog\":[{\"id\":\"1\",\"name\":\"Payment Popup\",\"type\":\"payment\",\"sectionAnchorId\":\"popup-a9dd\",\"html\":\"<section class=\\\"u-black u-clearfix u-container-style u-dialog-block u-dialog-open u-opacity u-opacity-70 u-payment-dialog u-valign-middle u-block-116a-1\\\" style=\\\"\\\" data-id=\\\"116a\\\" data-posts-content=\\\"[{'images':[],'maps':[],'videos':[],'icons':[{}],'textWidth':'','textHeight':'','id':1,'groupId':1,'headingProp':'h5','textProp':'text'},{'images':[],'maps':[],'videos':[],'icons':[],'textWidth':'','textHeight':'','id':2,'groupId':1,'headingProp':'h5','textProp':'text'}]\\\" custom-posts-hash=\\\"[T,T,T]\\\" data-section-content=\\\"{'images':[],'headings':[{'repeater':true,'length':44,'cellsCount':1},{'repeater':false,'length':30,'cellsCount':1}],'texts':[{'repeater':true,'length':120,'cellsCount':1}],'tables':[],'customLists':[],'accordions':[],'textGroupCount':3,'textLength':168}\\\" data-style=\\\"payment-dialog\\\" id=\\\"popup-a9dd\\\" data-source=\\\"Sketch\\\">\\n  <div style=\\\"width: 570px; min-height: 578px; height: auto; box-shadow: 0px 0px 8px 0px rgba(var(--black-r),var(--black-g),var(--black-b),0.2); margin-top: 60px; margin-bottom: 60px; margin-left: auto; margin-right: auto\\\" class=\\\"u-align-center u-container-style u-dialog u-radius-25 u-shape-round u-white u-block-116a-2\\\">\\n    <div class=\\\"u-container-layout u-valign-top u-block-116a-3\\\" style=\\\"padding-top: 34px; padding-bottom: 34px; padding-left: 35px; padding-right: 35px\\\">\\n      <h5 class=\\\"u-align-left u-text u-block-116a-26\\\" style=\\\"font-weight: 700; margin-top: 0px; margin-right: 165.016px; margin-bottom: 0px; margin-left: 0px\\\">Buy Now</h5>\\n      <div class=\\\"u-expanded-width u-products u-block-116a-5\\\" style=\\\"margin-top: 30px; margin-bottom: 0px\\\" data-site-sorting-prop=\\\"created\\\" data-site-sorting-order=\\\"desc\\\">\\n        <div class=\\\"u-list-control\\\"></div>\\n        <div class=\\\"u-repeater u-block-116a-6\\\" style=\\\"grid-template-columns: 100%; min-height: 206px; grid-gap: 10px\\\">\\n          <div class=\\\"u-container-style u-products-item u-repeater-item u-block-116a-7\\\" style=\\\"\\\">\\n            <div class=\\\"u-container-layout u-similar-container u-block-116a-8\\\" style=\\\"padding-top: 0px; padding-left: 0px; padding-right: 0px; padding-bottom: 30px\\\">\\n              <h5 class=\\\"u-align-left u-product-control u-text u-block-116a-27\\\" style=\\\"background-image: none; margin-top: 0px; margin-bottom: 0px; margin-left: 0px; margin-right: 0px\\\">\\n                <a class=\\\"u-product-title-link\\\" href=\\\"#\\\">Product 1 Title</a>\\n              </h5>\\n              <div class=\\\"u-align-left u-product-control u-product-desc u-text u-block-116a-29\\\" style=\\\"font-size: 0.875rem; margin-top: 20px; margin-left: 0px; margin-right: 0px; margin-bottom: 0px\\\">\\n                <p>Sample text. Lorem ipsum dolor sit amet, consectetur adipiscing elit nullam nunc justo sagittis suscipit ultrices.</p>\\n              </div>\\n              <div class=\\\"u-align-left u-product-control u-product-quantity u-block-116a-35\\\" style=\\\"width: 125px; margin-top: 30px; margin-right: auto; margin-bottom: 0px; margin-left: 0px\\\">\\n                <div class=\\\"u-hidden u-quantity-label\\\">Quantity</div>\\n                <div class=\\\"u-border-1 u-border-grey-30 u-quantity-input u-radius-50\\\">\\n                  <a class=\\\"disabled minus u-button-style u-quantity-button u-text-body-color\\\">\\n                    <svg xmlns=\\\"http://www.w3.org/2000/svg\\\" viewBox=\\\"0 0 16 16\\\"><path d=\\\"m 4 8 h 8\\\" fill=\\\"none\\\" stroke=\\\"currentColor\\\" stroke-width=\\\"1\\\" fill-rule=\\\"evenodd\\\"></path></svg>\\n                  </a>\\n                  <input class=\\\"u-input u-block-116a-36\\\" type=\\\"text\\\" value=\\\"1\\\" pattern=\\\"[0-9]+\\\" style=\\\"\\\">\\n                  <a class=\\\"plus u-button-style u-quantity-button u-text-body-color\\\">\\n                    <svg xmlns=\\\"http://www.w3.org/2000/svg\\\" viewBox=\\\"0 0 16 16\\\"><path d=\\\"m 4 8 h 8 M 8 4 v 8\\\" fill=\\\"none\\\" stroke=\\\"currentColor\\\" stroke-width=\\\"1\\\" fill-rule=\\\"evenodd\\\"></path></svg>\\n                  </a>\\n                </div>\\n              </div>\\n              <div data-add-zero-cents=\\\"true\\\" class=\\\"u-align-left u-product-control u-product-price u-block-116a-12\\\" style=\\\"margin-top: -34px; margin-right: 0px; margin-bottom: 0px; margin-left: auto\\\">\\n                <div class=\\\"u-price-wrapper u-spacing-10\\\">\\n                  <div class=\\\"u-old-price\\\" style=\\\"text-decoration: line-through !important;\\\">$20.00</div>\\n                  <div class=\\\"u-price\\\" style=\\\"font-size: 1.25rem; font-weight: 700;\\\">$17.00</div>\\n                </div>\\n              </div>\\n            </div>\\n          </div>\\n        </div>\\n        <div class=\\\"u-list-control\\\"></div>\\n      </div>\\n      <div class=\\\"u-expanded-width u-payment-services u-tab-links-align-justify u-tab-payment u-tab-vertical u-tabs u-block-116a-38\\\" data-payment-order-approved-message=\\\"Your order has been approved. Thank you!\\\" data-payment-order-cancelled-message=\\\"Unable to process your order. Please try again later.\\\" style=\\\"min-height: 250px; min-width: 50px; margin-top: 0px; margin-bottom: 0px; margin-left: 0px; margin-right: 0px\\\">\\n        <ul class=\\\"u-tab-list u-unstyled u-block-116a-39\\\" role=\\\"tablist\\\" style=\\\"\\\"><li class=\\\"u-tab-item u-block-116a-40\\\" role=\\\"presentation\\\" style=\\\"\\\"><a class=\\\"active u-active-grey-10 u-button-style u-payment-paypal u-tab-link u-text-body-color u-block-116a-41\\\" id=\\\"link-tab-9cb3\\\" href=\\\"#tab-9cb3\\\" role=\\\"tab\\\" aria-controls=\\\"tab-9cb3\\\" aria-selected=\\\"true\\\" style=\\\"\\\"><input type=\\\"radio\\\" class=\\\"u-field-input u-grey-15 u-radius-15\\\" name=\\\"payment-group\\\" checked=\\\"checked\\\"><span>Paypal</span><svg class=\\\"u-svg-content\\\" xmlns=\\\"http://www.w3.org/2000/svg\\\" x=\\\"0px\\\" y=\\\"0px\\\"><path fill=\\\"#009EE3\\\" d=\\\"M11,5.9H18c3.8,0,5.2,1.9,4.9,4.7c-0.3,4.7-3.2,7.2-6.9,7.2h-1.9c-0.5,0-0.8,0.3-0.9,1.3l-0.8,4.3\\n  c-0.1,0.3-0.2,0.5-0.5,0.6H7.6c-0.4,0-0.5-0.3-0.4-1l2.6-16C9.9,6.3,10.2,5.9,11,5.9z\\\"></path><path fill=\\\"#113984\\\" d=\\\"M6.7,0h7.1c2,0,4.3,0.1,5.9,1.5c1.1,0.9,1.6,2.4,1.5,4c-0.4,5.4-3.7,8.5-8,8.5H9.6c-0.6,0-0.9,0.4-1.2,1.5\\n  l-0.9,5.1C7.4,21,7.3,21.3,7,21.3H2.6C2,21.3,1.9,21,2,20.1L5.2,1.3C5.3,0.4,5.7,0,6.7,0z\\\"></path><path fill=\\\"#172C70\\\" d=\\\"M8.6,14.8l1.3-7.9c0.1-0.7,0.5-1,1.3-1h7.1c1.2,0,2.1,0.2,2.8,0.5c-0.7,4.8-3.8,7.5-7.9,7.5H9.6\\n  C9.1,13.9,8.8,14.1,8.6,14.8z\\\"></path></svg>\\n</a>\\n</li><li class=\\\"u-tab-item u-block-116a-42\\\" role=\\\"presentation\\\" style=\\\"\\\"><a class=\\\"u-active-grey-10 u-button-style u-payment-stripe u-tab-link u-text-body-color u-block-116a-43\\\" id=\\\"link-tab-ab80\\\" href=\\\"#tab-ab80\\\" role=\\\"tab\\\" aria-controls=\\\"tab-ab80\\\" aria-selected=\\\"false\\\" style=\\\"\\\"><input type=\\\"radio\\\" class=\\\"u-field-input u-grey-15 u-radius-15\\\" name=\\\"payment-group\\\"><span>Stripe</span><svg class=\\\"u-svg-content\\\" xmlns=\\\"http://www.w3.org/2000/svg\\\" x=\\\"0px\\\" y=\\\"0px\\\" viewBox=\\\"0 0 24 24\\\"><path fill=\\\"#635BFF\\\" d=\\\"M14,9.2c-2.3-0.8-3.4-1.5-3.4-2.4c0-0.8,0.8-1.3,2-1.3c2.3,0,4.7,0.8,6.4,1.6l0.9-5.5\\n  c-1.3-0.5-4-1.6-7.7-1.6C9.6,0,7.5,0.7,5.8,1.9C4.1,3.2,3.4,4.9,3.4,7.2c0,4,2.6,5.7,6.8,7.2c2.7,0.9,3.6,1.6,3.6,2.5\\n  c0,0.9-0.9,1.6-2.4,1.6c-1.9,0-5.2-0.9-7.3-2.1L3,22c1.8,0.9,5.1,2,8.7,2c2.8,0,5.1-0.7,6.6-1.9c1.8-1.3,2.7-3.2,2.7-5.7\\n  C20.9,12.3,18.2,10.7,14,9.2L14,9.2z\\\"></path></svg>\\n</a>\\n</li></ul>\\n        <div class=\\\"u-tab-content u-block-116a-44\\\" style=\\\"\\\">\\n          <div class=\\\"u-container-style u-payment-paypal u-tab-active u-tab-pane u-block-116a-45\\\" id=\\\"tab-9cb3\\\" role=\\\"tabpanel\\\" aria-labelledby=\\\"link-tab-9cb3\\\" style=\\\"\\\">\\n            <div class=\\\"u-container-layout u-payment-services-inner u-block-116a-46\\\" style=\\\"padding-top: 20px; padding-right: 0; padding-bottom: 0; padding-left: 0\\\" data-payment-loading-message=\\\"Loading...\\\">Here you will see the payment buttons on the live website.</div>\\n          </div>\\n          <div class=\\\"u-container-style u-payment-stripe u-tab-pane u-block-116a-47\\\" id=\\\"tab-ab80\\\" role=\\\"tabpanel\\\" aria-labelledby=\\\"link-tab-ab80\\\" style=\\\"\\\">\\n            <div class=\\\"u-container-layout u-block-116a-48\\\" style=\\\"padding-top: 20px; padding-right: 0; padding-bottom: 0; padding-left: 0\\\">\\n              <a href=\\\"#\\\" class=\\\"u-btn u-button-style u-stripe-button u-block-116a-49\\\" style=\\\"width: 100%; margin-top: 0; margin-bottom: 0; margin-left: auto; margin-right: auto\\\">Pay with Stripe</a>\\n            </div>\\n          </div>\\n        </div>\\n      </div>\\n    </div>\\n    <button class=\\\"u-dialog-close-button u-icon u-text-grey-40 u-block-116a-4\\\" style=\\\"width: 20.0939px; height: 20.0939px; left: auto; top: 35.9532px; position: absolute; right: 35px; padding-top: 0px; padding-bottom: 0px; padding-left: 0px; padding-right: 0px\\\">\\n      <svg class=\\\"u-svg-link\\\" preserveAspectRatio=\\\"xMidYMin slice\\\" viewBox=\\\"0 0 16 16\\\" style=\\\"\\\"><use xmlns:xlink=\\\"http://www.w3.org/1999/xlink\\\" xlink:href=\\\"#svg-efe9\\\"></use></svg>\\n      <svg xmlns=\\\"http://www.w3.org/2000/svg\\\" xmlns:xlink=\\\"http://www.w3.org/1999/xlink\\\" version=\\\"1.1\\\" xml:space=\\\"preserve\\\" class=\\\"u-svg-content\\\" viewBox=\\\"0 0 16 16\\\" x=\\\"0px\\\" y=\\\"0px\\\" id=\\\"svg-efe9\\\"><rect x=\\\"7\\\" y=\\\"0\\\" transform=\\\"matrix(0.7071 -0.7071 0.7071 0.7071 -3.3138 8.0002)\\\" width=\\\"2\\\" height=\\\"16\\\"></rect><rect x=\\\"0\\\" y=\\\"7\\\" transform=\\\"matrix(0.7071 -0.7071 0.7071 0.7071 -3.3138 8.0002)\\\" width=\\\"16\\\" height=\\\"2\\\"></rect></svg>\\n    </button>\\n  </div>\\n  <style data-mode=\\\"XL\\\" data-visited=\\\"true\\\">@media (max-width: 0px) { .u-block-116a-2 {width: 570px; min-height: 578px; height: auto; box-shadow: 0px 0px 8px 0px rgba(var(--black-r),var(--black-g),var(--black-b),0.2); margin-top: 60px; margin-bottom: 60px; margin-left: auto; margin-right: auto}\\n.u-block-116a-3 {padding-top: 34px; padding-bottom: 34px; padding-left: 35px; padding-right: 35px}\\n.u-block-116a-26 {font-weight: 700; margin-top: 0px; margin-right: 165.016px; margin-bottom: 0px; margin-left: 0px}\\n.u-block-116a-5 {margin-top: 30px; margin-bottom: 0px}\\n.u-block-116a-6 {grid-template-columns: 100%; min-height: 206px; grid-gap: 10px}\\n.u-block-116a-8 {padding-top: 0px; padding-left: 0px; padding-right: 0px; padding-bottom: 30px}\\n.u-block-116a-27 {background-image: none; margin-top: 0px; margin-bottom: 0px; margin-left: 0px; margin-right: 0px}\\n.u-block-116a-29 {font-size: 0.875rem; margin-top: 20px; margin-left: 0px; margin-right: 0px; margin-bottom: 0px}\\n.u-block-116a-35 {width: 125px; margin-top: 30px; margin-right: auto; margin-bottom: 0px; margin-left: 0px}\\n.u-block-116a-12 {margin-top: -34px; margin-right: 0px; margin-bottom: 0px; margin-left: auto}\\n.u-block-116a-38 {min-height: 250px; min-width: 50px; margin-top: 0px; margin-bottom: 0px; margin-left: 0px; margin-right: 0px}\\n.u-block-116a-46 {padding-top: 20px; padding-right: 0; padding-bottom: 0; padding-left: 0}\\n.u-block-116a-48 {padding-top: 20px; padding-right: 0; padding-bottom: 0; padding-left: 0}\\n.u-block-116a-49 {width: 100%; margin-top: 0; margin-bottom: 0; margin-left: auto; margin-right: auto}\\n.u-block-116a-4 {width: 20.0939px; height: 20.0939px; left: auto; top: 35.9532px; position: absolute; right: 35px; padding-top: 0px; padding-bottom: 0px; padding-left: 0px; padding-right: 0px} }</style>\\n  <style data-mode=\\\"LG\\\" data-visited=\\\"true\\\">@media (max-width: 0px) { .u-block-116a-2 {box-shadow: 0px 0px 8px 0px rgba(var(--black-r),var(--black-g),var(--black-b),0.2); width: 570px; height: auto; margin-top: 60px; margin-left: auto; margin-right: auto; margin-bottom: 60px; min-height: 578px}\\n.u-block-116a-3 {padding-top: 34px; padding-bottom: 34px; padding-left: 35px; padding-right: 35px}\\n.u-block-116a-26 {font-weight: 700; margin-top: 0px; margin-right: 165px; margin-bottom: 0px; margin-left: 0px}\\n.u-block-116a-5 {margin-top: 30px; margin-bottom: 0px}\\n.u-block-116a-6 {grid-template-columns: 100%; min-height: 206px; grid-gap: 10px}\\n.u-block-116a-8 {padding-top: 0px; padding-left: 0px; padding-right: 0px; padding-bottom: 30px}\\n.u-block-116a-27 {background-image: none; margin-top: 0px; margin-bottom: 0px; margin-left: 0px; margin-right: 0px}\\n.u-block-116a-29 {font-size: 0.875rem; margin-top: 20px; margin-left: 0px; margin-right: 0px; margin-bottom: 0px}\\n.u-block-116a-35 {width: 125px; margin-top: 30px; margin-right: auto; margin-bottom: 0px; margin-left: 0px}\\n.u-block-116a-12 {margin-top: -34px; margin-right: 0px; margin-bottom: 0px; margin-left: auto}\\n.u-block-116a-38 {min-height: 250px; min-width: 50px; margin-top: 0px; margin-bottom: 0px}\\n.u-block-116a-46 {padding-top: 20px; padding-bottom: 0; padding-left: 0; padding-right: 0}\\n.u-block-116a-48 {padding-top: 20px; padding-bottom: 0; padding-left: 0; padding-right: 0}\\n.u-block-116a-49 {width: 100%; margin-top: 0; margin-bottom: 0; margin-left: auto; margin-right: auto}\\n.u-block-116a-4 {width: 20.0939px; height: 20.0939px; left: auto; top: 35.9532px; position: absolute; right: 35px; padding-top: 0px; padding-bottom: 0px; padding-left: 0px; padding-right: 0px} }</style>\\n  <style data-mode=\\\"MD\\\" data-visited=\\\"true\\\">@media (max-width: 0px) { .u-block-116a-2 {box-shadow: 0px 0px 8px 0px rgba(var(--black-r),var(--black-g),var(--black-b),0.2); width: 570px; height: auto; margin-top: 60px; margin-left: auto; margin-right: auto; margin-bottom: 60px; min-height: 578px}\\n.u-block-116a-3 {padding-top: 30px; padding-bottom: 30px; padding-left: 30px; padding-right: 30px}\\n.u-block-116a-26 {font-weight: 700; margin-top: 0px; margin-right: 165px; margin-bottom: 0px; margin-left: 0px}\\n.u-block-116a-5 {margin-top: 30px; margin-bottom: 0px}\\n.u-block-116a-6 {grid-template-columns: 100%; min-height: 206px; grid-gap: 10px}\\n.u-block-116a-8 {padding-top: 0px; padding-left: 0px; padding-right: 0px; padding-bottom: 30px}\\n.u-block-116a-27 {background-image: none; margin-top: 0px; margin-bottom: 0px; margin-left: 0px; margin-right: 0px}\\n.u-block-116a-29 {font-size: 0.875rem; margin-top: 20px; margin-left: 0px; margin-right: 0px; margin-bottom: 0px}\\n.u-block-116a-35 {width: 125px; margin-top: 30px; margin-right: auto; margin-bottom: 0px; margin-left: 0px}\\n.u-block-116a-12 {margin-top: -34px; margin-right: 0px; margin-bottom: 0px; margin-left: auto}\\n.u-block-116a-38 {min-height: 250px; min-width: 50px; margin-top: 0px; margin-bottom: 0px}\\n.u-block-116a-46 {padding-top: 20px; padding-bottom: 0px; padding-left: 0px; padding-right: 0px}\\n.u-block-116a-48 {padding-top: 20px; padding-bottom: 0px; padding-left: 0px; padding-right: 0px}\\n.u-block-116a-49 {width: 100%; margin-top: 0; margin-bottom: 0; margin-left: auto; margin-right: auto}\\n.u-block-116a-4 {width: 20.0939px; height: 20.0939px; left: auto; top: 31.9532px; position: absolute; right: 30px; padding-top: 0px; padding-bottom: 0px; padding-left: 0px; padding-right: 0px} }</style>\\n  <style data-mode=\\\"SM\\\" data-visited=\\\"true\\\">@media (max-width: 0px) { .u-block-116a-2 {box-shadow: 0px 0px 8px 0px rgba(var(--black-r),var(--black-g),var(--black-b),0.2); width: 540px; height: auto; margin-top: 60px; margin-left: auto; margin-right: auto; margin-bottom: 60px; min-height: 578px}\\n.u-block-116a-3 {padding-top: 30px; padding-bottom: 30px; padding-left: 30px; padding-right: 30px}\\n.u-block-116a-26 {font-weight: 700; margin-top: 0px; margin-right: 165px; margin-bottom: 0px; margin-left: 0px}\\n.u-block-116a-5 {margin-top: 30px; margin-bottom: 0px}\\n.u-block-116a-6 {grid-template-columns: 100%; min-height: 206px; grid-gap: 10px}\\n.u-block-116a-8 {padding-top: 0px; padding-left: 0px; padding-right: 0px; padding-bottom: 30px}\\n.u-block-116a-27 {background-image: none; margin-top: 0px; margin-bottom: 0px; margin-left: 0px; margin-right: 0px}\\n.u-block-116a-29 {font-size: 0.875rem; margin-top: 20px; margin-left: 0px; margin-right: 0px; margin-bottom: 0px}\\n.u-block-116a-35 {width: 125px; margin-top: 30px; margin-right: auto; margin-bottom: 0px; margin-left: 0px}\\n.u-block-116a-12 {margin-top: -34px; margin-right: 0px; margin-bottom: 0px; margin-left: auto}\\n.u-block-116a-38 {min-height: 250px; min-width: 50px; margin-top: 0px; margin-bottom: 0px}\\n.u-block-116a-46 {padding-top: 20px; padding-bottom: 0px; padding-left: 0px; padding-right: 0px}\\n.u-block-116a-48 {padding-top: 20px; padding-bottom: 0px; padding-left: 0px; padding-right: 0px}\\n.u-block-116a-49 {width: 100%; margin-top: 0; margin-bottom: 0; margin-left: auto; margin-right: auto}\\n.u-block-116a-4 {width: 20.0939px; height: 20.0939px; left: auto; top: 31.9532px; position: absolute; right: 30px; padding-top: 0px; padding-bottom: 0px; padding-left: 0px; padding-right: 0px} }</style>\\n  <style data-mode=\\\"XS\\\" data-visited=\\\"true\\\">@media (max-width: 0px) { .u-block-116a-2 {box-shadow: 0px 0px 8px 0px rgba(var(--black-r),var(--black-g),var(--black-b),0.2); width: 340px; height: auto; margin-top: 60px; margin-left: auto; margin-right: auto; margin-bottom: 60px; min-height: 578px}\\n.u-block-116a-3 {padding-top: 30px; padding-bottom: 30px; padding-left: 20px; padding-right: 20px}\\n.u-block-116a-26 {font-weight: 700; margin-top: 0px; margin-right: 5px; margin-bottom: 0px; margin-left: 0px}\\n.u-block-116a-5 {margin-top: 30px; margin-bottom: 0px}\\n.u-block-116a-6 {grid-template-columns: 100%; min-height: 206px; grid-gap: 10px}\\n.u-block-116a-8 {padding-top: 0px; padding-left: 0px; padding-right: 0px; padding-bottom: 30px}\\n.u-block-116a-27 {background-image: none; margin-top: 0px; margin-bottom: 0px; margin-left: 0px; margin-right: 0px}\\n.u-block-116a-29 {font-size: 0.875rem; margin-top: 20px; margin-left: 0px; margin-right: 0px; margin-bottom: 0px}\\n.u-block-116a-35 {width: 125px; margin-top: 30px; margin-right: auto; margin-bottom: 0px; margin-left: 0px}\\n.u-block-116a-12 {margin-top: -34px; margin-right: 0px; margin-bottom: 0px; margin-left: auto}\\n.u-block-116a-38 {min-height: 250px; min-width: 50px; margin-top: 0px; margin-bottom: 0px}\\n.u-block-116a-46 {padding-top: 20px; padding-bottom: 0px; padding-left: 0px; padding-right: 0px}\\n.u-block-116a-48 {padding-top: 20px; padding-bottom: 0px; padding-left: 0px; padding-right: 0px}\\n.u-block-116a-49 {width: 100%; margin-top: 0; margin-bottom: 0; margin-left: auto; margin-right: auto}\\n.u-block-116a-4 {width: 20.0939px; height: 20.0939px; left: auto; top: 31.9532px; position: absolute; right: 20px; padding-top: 0px; padding-bottom: 0px; padding-left: 0px; padding-right: 0px} }</style>\\n</section>\",\"showOn\":\"click\",\"showOnList\":[]}],\"formServices\":{\"a7db3cbce1dcfdea51cf469c8cfd123c\":{\"id\":\"a7db3cbce1dcfdea51cf469c8cfd123c\",\"type\":\"email\",\"token\":\"2f1b9ecf-5487-8a51-4883-69414e6ee357\",\"email\":\"ravitejnasa@gmail.com\",\"isVerified\":true}},\"payment\":{\"services\":{}},\"captchaSiteKey\":\"6LetPRgiAAAAAGX121nVdkYGTN-RfCXh4wAlbDFh\",\"captchaSecretKey\":\"\",\"cookiesSection\":\"<section class=\\\"u-align-center u-block-9794-1 u-clearfix u-container-align-center u-cookies-consent u-grey-80\\\" custom-posts-hash=\\\"T\\\" style=\\\"background-image: none\\\" data-post-id=\\\"1\\\" data-section-properties=\\\"{&quot;stretch&quot;:true}\\\" data-id=\\\"9794\\\" data-posts-content=\\\"[{'images':[],'maps':[],'videos':[],'icons':[],'textWidth':817,'textHeight':203,'id':1,'headingProp':'h3','textProp':'text'}]\\\" data-section-content=\\\"{'images':[],'headings':[{'repeater':false,'length':26,'cellsCount':1}],'texts':[{'repeater':false,'length':62,'cellsCount':1}],'tables':[],'customLists':[],'accordions':[],'textGroupCount':1,'textLength':96}\\\" data-custom-colors=\\\"[]\\\" data-style=\\\"cookie-1\\\" id=\\\"gdpr\\\" data-outline-name=\\\"Cookie Consent Popup\\\" data-source=\\\"\\\">\\n    <div class=\\\"u-block-9794-2 u-clearfix u-sheet u-valign-middle\\\" style=\\\"min-height: 263px\\\" data-height-lg=\\\"158\\\" data-height-md=\\\"131\\\" data-height-sm=\\\"106\\\" data-height-xs=\\\"225\\\">\\n        <div class=\\\"data-layout-selected u-block-9794-7 u-clearfix u-expanded-width u-layout-wrap\\\" style=\\\"margin-top: 30px; margin-bottom: 30px\\\">\\n            <div class=\\\"u-gutter-0 u-layout\\\">\\n                <div class=\\\"u-layout-row\\\">\\n                    <div class=\\\"u-block-9794-8 u-container-style u-layout-cell u-left-cell u-size-43\\\" style=\\\"min-height: 203px\\\">\\n                        <div class=\\\"u-block-9794-9 u-container-layout\\\" style=\\\"padding-top: 0px; padding-bottom: 0px; padding-left: 60px; padding-right: 60px\\\">\\n                            <h3 class=\\\"u-block-9794-6 u-text u-text-default\\\" style=\\\"margin-top: 0px; margin-right: 20px; margin-bottom: 0px\\\">Cookies &amp; Privacy</h3>\\n                            <p class=\\\"u-block-9794-5 u-text u-text-default\\\" style=\\\"margin-top: 8px; margin-right: 20px; margin-bottom: 0px; margin-left: 0px\\\">This website uses cookies to ensure you get the best experience on our website.</p>\\n                            <div class=\\\"custom-expanded u-block-9794-12 u-cookie-preferences\\\" style=\\\"width: 697px; margin-top: 20.5px; margin-left: 0px; margin-right: 0px; margin-bottom: 0px\\\">\\n                                <label class=\\\"u-block-9794-13 u-form-control-hidden u-label\\\" style=\\\"\\\"></label>\\n                                <div class=\\\"u-form-checkbox-group-wrapper\\\" data-field=\\\"checkbox\\\">\\n                                    <div class=\\\"u-input-row\\\">\\n                                        <input id=\\\"field-cookie-necessary\\\" disabled=\\\"\\\" type=\\\"checkbox\\\" name=\\\"cookie-preferences\\\" value=\\\"necessary\\\" class=\\\"u-field-input\\\" checked=\\\"checked\\\">\\n                                        <label class=\\\"u-field-label\\\" for=\\\"field-cookie-necessary\\\">Strictly Necessary</label>\\n                                    </div>\\n                                    <div class=\\\"u-input-row\\\">\\n                                        <input id=\\\"field-cookie-analytics\\\" checked=\\\"checked\\\" type=\\\"checkbox\\\" name=\\\"cookie-preferences\\\" value=\\\"analytics\\\" class=\\\"u-field-input\\\">\\n                                        <label class=\\\"u-field-label\\\" for=\\\"field-cookie-analytics\\\">Analytics</label>\\n                                    </div>\\n                                    <div class=\\\"u-input-row\\\">\\n                                        <input id=\\\"field-cookie-statistics\\\" checked=\\\"checked\\\" type=\\\"checkbox\\\" name=\\\"cookie-preferences\\\" value=\\\"statistics\\\" class=\\\"u-field-input\\\">\\n                                        <label class=\\\"u-field-label\\\" for=\\\"field-cookie-statistics\\\">Statistics</label>\\n                                    </div>\\n                                    <div class=\\\"u-input-row\\\">\\n                                        <input id=\\\"field-cookie-form-submissions\\\" checked=\\\"checked\\\" type=\\\"checkbox\\\" name=\\\"cookie-preferences\\\" value=\\\"submissions\\\" class=\\\"u-field-input\\\">\\n                                        <label class=\\\"u-field-label\\\" for=\\\"field-cookie-form-submissions\\\">Form Submissions</label>\\n                                    </div>\\n                                </div>\\n                            </div>\\n                        </div>\\n                    </div>\\n                    <div class=\\\"u-align-left u-block-9794-10 u-container-align-left u-container-style u-layout-cell u-right-cell u-size-17\\\" style=\\\"min-height: 203px\\\">\\n                        <div class=\\\"u-block-9794-11 u-container-layout\\\" style=\\\"padding-top: 30px; padding-bottom: 30px; padding-left: 29.2377px; padding-right: 29.2377px\\\">\\n                            <a href=\\\"\\\" class=\\\"u-block-9794-14 u-btn u-button-decline u-button-style\\\" style=\\\"margin-top: 50.5px; margin-right: -0.0001px; margin-bottom: 0px; margin-left: auto\\\">Decline</a>\\n                            <a href=\\\"###\\\" class=\\\"u-block-9794-3 u-btn u-button-confirm u-button-style u-palette-1-base\\\" style=\\\"margin-top: -42.4001px; margin-right: auto; margin-bottom: 0px; margin-left: 0.2503px\\\">Confirm</a>\\n                        </div>\\n                    </div>\\n                </div>\\n            </div>\\n        </div>\\n    </div>\\n    <style data-mode=\\\"XL\\\">@media (max-width: 0px) { .u-block-9794-1 {background-image: none}\\n.u-block-9794-2 {min-height: 263px}\\n.u-block-9794-7 {margin-top: 30px; margin-bottom: 30px}\\n.u-block-9794-8 {min-height: 203px}\\n.u-block-9794-9 {padding-top: 0px; padding-bottom: 0px; padding-left: 60px; padding-right: 60px}\\n.u-block-9794-6 {margin-top: 0px; margin-right: 20px; margin-bottom: 0px}\\n.u-block-9794-5 {margin-top: 8px; margin-right: 20px; margin-bottom: 0px; margin-left: 0px}\\n.u-block-9794-12 {width: 697px; margin-top: 20.5px; margin-left: 0px; margin-right: 0px; margin-bottom: 0px}\\n.u-block-9794-10 {min-height: 203px}\\n.u-block-9794-11 {padding-top: 30px; padding-bottom: 30px; padding-left: 29.2377px; padding-right: 29.2377px}\\n.u-block-9794-14 {margin-top: 50.5px; margin-right: -0.0001px; margin-bottom: 0px; margin-left: auto}\\n.u-block-9794-3 {margin-top: -42.4001px; margin-right: auto; margin-bottom: 0px; margin-left: 0.2503px} }</style>\\n    <style data-mode=\\\"LG\\\">@media (max-width: 0px) { .u-block-9794-1 {background-image: none}\\n.u-block-9794-2 {min-height: 131px}\\n.u-block-9794-7 {margin-top: 30px; margin-bottom: 30px}\\n.u-block-9794-8 {min-height: 167px}\\n.u-block-9794-9 {padding-top: 0px; padding-bottom: 0px; padding-left: 60px; padding-right: 60px}\\n.u-block-9794-6 {margin-top: 0px; margin-right: 0px; margin-bottom: 0px}\\n.u-block-9794-5 {margin-top: 8px; margin-right: 0px; margin-bottom: 0px; margin-left: 0px}\\n.u-block-9794-12 {margin-top: 20.5px; margin-bottom: 0px; width: 554px; margin-left: 0px; margin-right: 0px}\\n.u-block-9794-10 {min-height: 167px}\\n.u-block-9794-11 {padding-top: 30px; padding-bottom: 30px; padding-left: 29.2377px; padding-right: 29.2377px}\\n.u-block-9794-14 {margin-top: 50.5px; margin-right: 0px; margin-bottom: 0px; margin-left: auto}\\n.u-block-9794-3 {margin-top: -42px; margin-right: auto; margin-bottom: 0px; margin-left: 0px} }</style>\\n    <style data-mode=\\\"MD\\\">@media (max-width: 0px) { .u-block-9794-1 {background-image: none}\\n.u-block-9794-2 {min-height: 106px}\\n.u-block-9794-7 {margin-top: 30px; margin-bottom: 30px}\\n.u-block-9794-8 {min-height: 100px}\\n.u-block-9794-9 {padding-top: 0px; padding-bottom: 0px; padding-left: 30px; padding-right: 30px}\\n.u-block-9794-6 {margin-top: 0px; margin-right: 0px; margin-bottom: 0px}\\n.u-block-9794-5 {margin-top: 8px; margin-right: 0px; margin-bottom: 0px; margin-left: 0px}\\n.u-block-9794-12 {margin-top: 20.5px; margin-bottom: 0px; width: 456px; margin-left: 0px; margin-right: 0px}\\n.u-block-9794-10 {min-height: 100px}\\n.u-block-9794-11 {padding-top: 30px; padding-bottom: 30px; padding-left: 29.2377px; padding-right: 29.2377px}\\n.u-block-9794-14 {margin-top: 50.5px; margin-right: 0px; margin-bottom: 0px; margin-left: auto}\\n.u-block-9794-3 {margin-top: -42px; margin-right: auto; margin-bottom: 0px; margin-left: 0px} }</style>\\n    <style data-mode=\\\"SM\\\">@media (max-width: 0px) { .u-block-9794-1 {background-image: none}\\n.u-block-9794-2 {min-height: 225px}\\n.u-block-9794-7 {margin-top: 30px; margin-bottom: 30px}\\n.u-block-9794-8 {min-height: 100px}\\n.u-block-9794-9 {padding-top: 0px; padding-left: 10px; padding-right: 10px; padding-bottom: 20px}\\n.u-block-9794-6 {margin-top: 0px; margin-right: 0px; margin-bottom: 0px}\\n.u-block-9794-5 {margin-top: 8px; margin-right: 0px; margin-bottom: 0px; margin-left: 0px}\\n.u-block-9794-12 {margin-top: 20.5px; margin-bottom: 0px; width: 456px; margin-left: 0px; margin-right: 0px}\\n.u-block-9794-10 {min-height: 100px}\\n.u-block-9794-11 {padding-top: 10px; padding-bottom: 10px; padding-left: 10px; padding-right: 10px}\\n.u-block-9794-14 {margin-top: 50.5px; margin-right: 0px; margin-bottom: 0px; margin-left: auto}\\n.u-block-9794-3 {margin-top: -42px; margin-right: auto; margin-bottom: 0px; margin-left: 0px} }</style>\\n    <style data-mode=\\\"XS\\\">@media (max-width: 0px) { .u-block-9794-1 {background-image: none}\\n.u-block-9794-2 {min-height: 121px}\\n.u-block-9794-7 {margin-top: 30px; margin-bottom: 30px}\\n.u-block-9794-8 {min-height: 100px}\\n.u-block-9794-9 {padding-top: 0px; padding-bottom: 20px; padding-left: 10px; padding-right: 10px}\\n.u-block-9794-6 {margin-top: 0px; margin-right: 0px; margin-bottom: 0px}\\n.u-block-9794-5 {margin-top: 8px; margin-right: 0px; margin-bottom: 0px; margin-left: 0px}\\n.u-block-9794-12 {margin-top: 20.5px; margin-bottom: 0px; width: 320px; margin-left: 0px; margin-right: 0px}\\n.u-block-9794-10 {min-height: 100px}\\n.u-block-9794-11 {padding-top: 10px; padding-bottom: 10px; padding-left: 10px; padding-right: 10px}\\n.u-block-9794-14 {margin-top: 50.5px; margin-right: 0px; margin-bottom: 0px; margin-left: auto}\\n.u-block-9794-3 {margin-top: -42px; margin-right: auto; margin-bottom: 0px; margin-left: 0px} }</style>\\n</section>\",\"langs\":[{\"id\":\"1\",\"name\":\"en\",\"title\":\"English\"}],\"publishNicePageCss\":\"\",\"publishHeader\":\"\",\"publishFooter\":\"\",\"publishHeaderTranslations\":{},\"publishFooterTranslations\":{},\"cookiesConsent\":{\"publishCookiesSection\":\"<section class=\\\"u-align-center u-clearfix u-container-align-center u-cookies-consent u-grey-80 u-cookies-consent\\\" id=\\\"gdpr\\\">\\n      <div class=\\\"u-clearfix u-sheet u-valign-middle u-sheet-1\\\">\\n        <div class=\\\"data-layout-selected u-clearfix u-expanded-width u-layout-wrap u-layout-wrap-1\\\">\\n          <div class=\\\"u-gutter-0 u-layout\\\">\\n            <div class=\\\"u-layout-row\\\">\\n              <div class=\\\"u-container-style u-layout-cell u-left-cell u-size-43 u-layout-cell-1\\\">\\n                <div class=\\\"u-container-layout u-container-layout-1\\\">\\n                  <h3 class=\\\"u-text u-text-default u-text-1\\\">Cookies &amp; Privacy</h3>\\n                  <p class=\\\"u-text u-text-default u-text-2\\\">This website uses cookies to ensure you get the best experience on our website.</p>\\n                  <div class=\\\"custom-expanded u-cookie-preferences u-cookie-preferences-1\\\">\\n                    <label class=\\\"u-form-control-hidden u-label\\\"></label>\\n                    <div class=\\\"u-form-checkbox-group-wrapper\\\">\\n                      <div class=\\\"u-input-row\\\">\\n                        <input id=\\\"field-cookie-necessary\\\" disabled=\\\"\\\" type=\\\"checkbox\\\" name=\\\"cookie-preferences\\\" value=\\\"necessary\\\" class=\\\"u-field-input\\\" checked=\\\"checked\\\">\\n                        <label class=\\\"u-field-label\\\" for=\\\"field-cookie-necessary\\\">Strictly Necessary</label>\\n                      </div>\\n                      <div class=\\\"u-input-row\\\">\\n                        <input id=\\\"field-cookie-analytics\\\" checked=\\\"checked\\\" type=\\\"checkbox\\\" name=\\\"cookie-preferences\\\" value=\\\"analytics\\\" class=\\\"u-field-input\\\">\\n                        <label class=\\\"u-field-label\\\" for=\\\"field-cookie-analytics\\\">Analytics</label>\\n                      </div>\\n                      <div class=\\\"u-input-row\\\">\\n                        <input id=\\\"field-cookie-statistics\\\" checked=\\\"checked\\\" type=\\\"checkbox\\\" name=\\\"cookie-preferences\\\" value=\\\"statistics\\\" class=\\\"u-field-input\\\">\\n                        <label class=\\\"u-field-label\\\" for=\\\"field-cookie-statistics\\\">Statistics</label>\\n                      </div>\\n                      <div class=\\\"u-input-row\\\">\\n                        <input id=\\\"field-cookie-form-submissions\\\" checked=\\\"checked\\\" type=\\\"checkbox\\\" name=\\\"cookie-preferences\\\" value=\\\"submissions\\\" class=\\\"u-field-input\\\">\\n                        <label class=\\\"u-field-label\\\" for=\\\"field-cookie-form-submissions\\\">Form Submissions</label>\\n                      </div>\\n                    </div>\\n                  </div>\\n                </div>\\n              </div>\\n              <div class=\\\"u-align-left u-container-align-left u-container-style u-layout-cell u-right-cell u-size-17 u-layout-cell-2\\\">\\n                <div class=\\\"u-container-layout u-container-layout-2\\\">\\n                  <a href=\\\"\\\" class=\\\"u-btn u-button-decline u-button-style u-btn-1\\\">Decline</a>\\n                  <a href=\\\"###\\\" class=\\\"u-btn u-button-confirm u-button-style u-palette-1-base u-btn-2\\\">Confirm</a>\\n                </div>\\n              </div>\\n            </div>\\n          </div>\\n        </div>\\n      </div>\\n    <style> .u-cookies-consent {\\n  background-image: none;\\n}\\n\\n.u-cookies-consent .u-sheet-1 {\\n  min-height: 263px;\\n}\\n\\n.u-cookies-consent .u-layout-wrap-1 {\\n  margin-top: 30px;\\n  margin-bottom: 30px;\\n}\\n\\n.u-cookies-consent .u-layout-cell-1 {\\n  min-height: 203px;\\n}\\n\\n.u-cookies-consent .u-container-layout-1 {\\n  padding: 0 60px;\\n}\\n\\n.u-cookies-consent .u-text-1 {\\n  margin-top: 0;\\n  margin-right: 20px;\\n  margin-bottom: 0;\\n}\\n\\n.u-cookies-consent .u-text-2 {\\n  margin: 8px 20px 0 0;\\n}\\n\\n.u-cookies-consent .u-cookie-preferences-1 {\\n  width: 697px;\\n  margin: 21px 0 0;\\n}\\n\\n.u-cookies-consent .u-layout-cell-2 {\\n  min-height: 203px;\\n}\\n\\n.u-cookies-consent .u-container-layout-2 {\\n  padding: 30px 29px;\\n}\\n\\n.u-cookies-consent .u-btn-1 {\\n  margin: 51px 0 0 auto;\\n}\\n\\n.u-cookies-consent .u-btn-2 {\\n  margin: -42px auto 0 0;\\n}\\n\\n@media (max-width: 1199px) {\\n  .u-cookies-consent .u-sheet-1 {\\n    min-height: 131px;\\n  }\\n\\n  .u-cookies-consent .u-layout-cell-1 {\\n    min-height: 167px;\\n  }\\n\\n  .u-cookies-consent .u-text-1 {\\n    margin-right: 0;\\n  }\\n\\n  .u-cookies-consent .u-text-2 {\\n    margin-right: 0;\\n  }\\n\\n  .u-cookies-consent .u-cookie-preferences-1 {\\n    width: 554px;\\n  }\\n\\n  .u-cookies-consent .u-layout-cell-2 {\\n    min-height: 167px;\\n  }\\n\\n  .u-cookies-consent .u-btn-1 {\\n    margin-right: 0;\\n  }\\n\\n  .u-cookies-consent .u-btn-2 {\\n    margin-top: -42px;\\n    margin-left: 0;\\n  }\\n}\\n\\n@media (max-width: 991px) {\\n  .u-cookies-consent .u-sheet-1 {\\n    min-height: 106px;\\n  }\\n\\n  .u-cookies-consent .u-layout-cell-1 {\\n    min-height: 100px;\\n  }\\n\\n  .u-cookies-consent .u-container-layout-1 {\\n    padding-left: 30px;\\n    padding-right: 30px;\\n  }\\n\\n  .u-cookies-consent .u-cookie-preferences-1 {\\n    width: 456px;\\n  }\\n\\n  .u-cookies-consent .u-layout-cell-2 {\\n    min-height: 100px;\\n  }\\n}\\n\\n@media (max-width: 767px) {\\n  .u-cookies-consent .u-sheet-1 {\\n    min-height: 225px;\\n  }\\n\\n  .u-cookies-consent .u-container-layout-1 {\\n    padding-left: 10px;\\n    padding-right: 10px;\\n    padding-bottom: 20px;\\n  }\\n\\n  .u-cookies-consent .u-container-layout-2 {\\n    padding: 10px;\\n  }\\n}\\n\\n@media (max-width: 575px) {\\n  .u-cookies-consent .u-sheet-1 {\\n    min-height: 121px;\\n  }\\n\\n  .u-cookies-consent .u-cookie-preferences-1 {\\n    width: 320px;\\n  }\\n}</style></section>\",\"publishCookiesSectionTranslations\":{},\"hideCookies\":true,\"cookieConfirmCode\":\"\",\"cookiesSection\":\"<section class=\\\"u-align-center u-block-9794-1 u-clearfix u-container-align-center u-cookies-consent u-grey-80\\\" custom-posts-hash=\\\"T\\\" style=\\\"background-image: none\\\" data-post-id=\\\"1\\\" data-section-properties=\\\"{&quot;stretch&quot;:true}\\\" data-id=\\\"9794\\\" data-posts-content=\\\"[{'images':[],'maps':[],'videos':[],'icons':[],'textWidth':817,'textHeight':203,'id':1,'headingProp':'h3','textProp':'text'}]\\\" data-section-content=\\\"{'images':[],'headings':[{'repeater':false,'length':26,'cellsCount':1}],'texts':[{'repeater':false,'length':62,'cellsCount':1}],'tables':[],'customLists':[],'accordions':[],'textGroupCount':1,'textLength':96}\\\" data-custom-colors=\\\"[]\\\" data-style=\\\"cookie-1\\\" id=\\\"gdpr\\\" data-outline-name=\\\"Cookie Consent Popup\\\" data-source=\\\"\\\">\\n    <div class=\\\"u-block-9794-2 u-clearfix u-sheet u-valign-middle\\\" style=\\\"min-height: 263px\\\" data-height-lg=\\\"158\\\" data-height-md=\\\"131\\\" data-height-sm=\\\"106\\\" data-height-xs=\\\"225\\\">\\n        <div class=\\\"data-layout-selected u-block-9794-7 u-clearfix u-expanded-width u-layout-wrap\\\" style=\\\"margin-top: 30px; margin-bottom: 30px\\\">\\n            <div class=\\\"u-gutter-0 u-layout\\\">\\n                <div class=\\\"u-layout-row\\\">\\n                    <div class=\\\"u-block-9794-8 u-container-style u-layout-cell u-left-cell u-size-43\\\" style=\\\"min-height: 203px\\\">\\n                        <div class=\\\"u-block-9794-9 u-container-layout\\\" style=\\\"padding-top: 0px; padding-bottom: 0px; padding-left: 60px; padding-right: 60px\\\">\\n                            <h3 class=\\\"u-block-9794-6 u-text u-text-default\\\" style=\\\"margin-top: 0px; margin-right: 20px; margin-bottom: 0px\\\">Cookies &amp; Privacy</h3>\\n                            <p class=\\\"u-block-9794-5 u-text u-text-default\\\" style=\\\"margin-top: 8px; margin-right: 20px; margin-bottom: 0px; margin-left: 0px\\\">This website uses cookies to ensure you get the best experience on our website.</p>\\n                            <div class=\\\"custom-expanded u-block-9794-12 u-cookie-preferences\\\" style=\\\"width: 697px; margin-top: 20.5px; margin-left: 0px; margin-right: 0px; margin-bottom: 0px\\\">\\n                                <label class=\\\"u-block-9794-13 u-form-control-hidden u-label\\\" style=\\\"\\\"></label>\\n                                <div class=\\\"u-form-checkbox-group-wrapper\\\" data-field=\\\"checkbox\\\">\\n                                    <div class=\\\"u-input-row\\\">\\n                                        <input id=\\\"field-cookie-necessary\\\" disabled=\\\"\\\" type=\\\"checkbox\\\" name=\\\"cookie-preferences\\\" value=\\\"necessary\\\" class=\\\"u-field-input\\\" checked=\\\"checked\\\">\\n                                        <label class=\\\"u-field-label\\\" for=\\\"field-cookie-necessary\\\">Strictly Necessary</label>\\n                                    </div>\\n                                    <div class=\\\"u-input-row\\\">\\n                                        <input id=\\\"field-cookie-analytics\\\" checked=\\\"checked\\\" type=\\\"checkbox\\\" name=\\\"cookie-preferences\\\" value=\\\"analytics\\\" class=\\\"u-field-input\\\">\\n                                        <label class=\\\"u-field-label\\\" for=\\\"field-cookie-analytics\\\">Analytics</label>\\n                                    </div>\\n                                    <div class=\\\"u-input-row\\\">\\n                                        <input id=\\\"field-cookie-statistics\\\" checked=\\\"checked\\\" type=\\\"checkbox\\\" name=\\\"cookie-preferences\\\" value=\\\"statistics\\\" class=\\\"u-field-input\\\">\\n                                        <label class=\\\"u-field-label\\\" for=\\\"field-cookie-statistics\\\">Statistics</label>\\n                                    </div>\\n                                    <div class=\\\"u-input-row\\\">\\n                                        <input id=\\\"field-cookie-form-submissions\\\" checked=\\\"checked\\\" type=\\\"checkbox\\\" name=\\\"cookie-preferences\\\" value=\\\"submissions\\\" class=\\\"u-field-input\\\">\\n                                        <label class=\\\"u-field-label\\\" for=\\\"field-cookie-form-submissions\\\">Form Submissions</label>\\n                                    </div>\\n                                </div>\\n                            </div>\\n                        </div>\\n                    </div>\\n                    <div class=\\\"u-align-left u-block-9794-10 u-container-align-left u-container-style u-layout-cell u-right-cell u-size-17\\\" style=\\\"min-height: 203px\\\">\\n                        <div class=\\\"u-block-9794-11 u-container-layout\\\" style=\\\"padding-top: 30px; padding-bottom: 30px; padding-left: 29.2377px; padding-right: 29.2377px\\\">\\n                            <a href=\\\"\\\" class=\\\"u-block-9794-14 u-btn u-button-decline u-button-style\\\" style=\\\"margin-top: 50.5px; margin-right: -0.0001px; margin-bottom: 0px; margin-left: auto\\\">Decline</a>\\n                            <a href=\\\"###\\\" class=\\\"u-block-9794-3 u-btn u-button-confirm u-button-style u-palette-1-base\\\" style=\\\"margin-top: -42.4001px; margin-right: auto; margin-bottom: 0px; margin-left: 0.2503px\\\">Confirm</a>\\n                        </div>\\n                    </div>\\n                </div>\\n            </div>\\n        </div>\\n    </div>\\n    <style data-mode=\\\"XL\\\">@media (max-width: 0px) { .u-block-9794-1 {background-image: none}\\n.u-block-9794-2 {min-height: 263px}\\n.u-block-9794-7 {margin-top: 30px; margin-bottom: 30px}\\n.u-block-9794-8 {min-height: 203px}\\n.u-block-9794-9 {padding-top: 0px; padding-bottom: 0px; padding-left: 60px; padding-right: 60px}\\n.u-block-9794-6 {margin-top: 0px; margin-right: 20px; margin-bottom: 0px}\\n.u-block-9794-5 {margin-top: 8px; margin-right: 20px; margin-bottom: 0px; margin-left: 0px}\\n.u-block-9794-12 {width: 697px; margin-top: 20.5px; margin-left: 0px; margin-right: 0px; margin-bottom: 0px}\\n.u-block-9794-10 {min-height: 203px}\\n.u-block-9794-11 {padding-top: 30px; padding-bottom: 30px; padding-left: 29.2377px; padding-right: 29.2377px}\\n.u-block-9794-14 {margin-top: 50.5px; margin-right: -0.0001px; margin-bottom: 0px; margin-left: auto}\\n.u-block-9794-3 {margin-top: -42.4001px; margin-right: auto; margin-bottom: 0px; margin-left: 0.2503px} }</style>\\n    <style data-mode=\\\"LG\\\">@media (max-width: 0px) { .u-block-9794-1 {background-image: none}\\n.u-block-9794-2 {min-height: 131px}\\n.u-block-9794-7 {margin-top: 30px; margin-bottom: 30px}\\n.u-block-9794-8 {min-height: 167px}\\n.u-block-9794-9 {padding-top: 0px; padding-bottom: 0px; padding-left: 60px; padding-right: 60px}\\n.u-block-9794-6 {margin-top: 0px; margin-right: 0px; margin-bottom: 0px}\\n.u-block-9794-5 {margin-top: 8px; margin-right: 0px; margin-bottom: 0px; margin-left: 0px}\\n.u-block-9794-12 {margin-top: 20.5px; margin-bottom: 0px; width: 554px; margin-left: 0px; margin-right: 0px}\\n.u-block-9794-10 {min-height: 167px}\\n.u-block-9794-11 {padding-top: 30px; padding-bottom: 30px; padding-left: 29.2377px; padding-right: 29.2377px}\\n.u-block-9794-14 {margin-top: 50.5px; margin-right: 0px; margin-bottom: 0px; margin-left: auto}\\n.u-block-9794-3 {margin-top: -42px; margin-right: auto; margin-bottom: 0px; margin-left: 0px} }</style>\\n    <style data-mode=\\\"MD\\\">@media (max-width: 0px) { .u-block-9794-1 {background-image: none}\\n.u-block-9794-2 {min-height: 106px}\\n.u-block-9794-7 {margin-top: 30px; margin-bottom: 30px}\\n.u-block-9794-8 {min-height: 100px}\\n.u-block-9794-9 {padding-top: 0px; padding-bottom: 0px; padding-left: 30px; padding-right: 30px}\\n.u-block-9794-6 {margin-top: 0px; margin-right: 0px; margin-bottom: 0px}\\n.u-block-9794-5 {margin-top: 8px; margin-right: 0px; margin-bottom: 0px; margin-left: 0px}\\n.u-block-9794-12 {margin-top: 20.5px; margin-bottom: 0px; width: 456px; margin-left: 0px; margin-right: 0px}\\n.u-block-9794-10 {min-height: 100px}\\n.u-block-9794-11 {padding-top: 30px; padding-bottom: 30px; padding-left: 29.2377px; padding-right: 29.2377px}\\n.u-block-9794-14 {margin-top: 50.5px; margin-right: 0px; margin-bottom: 0px; margin-left: auto}\\n.u-block-9794-3 {margin-top: -42px; margin-right: auto; margin-bottom: 0px; margin-left: 0px} }</style>\\n    <style data-mode=\\\"SM\\\">@media (max-width: 0px) { .u-block-9794-1 {background-image: none}\\n.u-block-9794-2 {min-height: 225px}\\n.u-block-9794-7 {margin-top: 30px; margin-bottom: 30px}\\n.u-block-9794-8 {min-height: 100px}\\n.u-block-9794-9 {padding-top: 0px; padding-left: 10px; padding-right: 10px; padding-bottom: 20px}\\n.u-block-9794-6 {margin-top: 0px; margin-right: 0px; margin-bottom: 0px}\\n.u-block-9794-5 {margin-top: 8px; margin-right: 0px; margin-bottom: 0px; margin-left: 0px}\\n.u-block-9794-12 {margin-top: 20.5px; margin-bottom: 0px; width: 456px; margin-left: 0px; margin-right: 0px}\\n.u-block-9794-10 {min-height: 100px}\\n.u-block-9794-11 {padding-top: 10px; padding-bottom: 10px; padding-left: 10px; padding-right: 10px}\\n.u-block-9794-14 {margin-top: 50.5px; margin-right: 0px; margin-bottom: 0px; margin-left: auto}\\n.u-block-9794-3 {margin-top: -42px; margin-right: auto; margin-bottom: 0px; margin-left: 0px} }</style>\\n    <style data-mode=\\\"XS\\\">@media (max-width: 0px) { .u-block-9794-1 {background-image: none}\\n.u-block-9794-2 {min-height: 121px}\\n.u-block-9794-7 {margin-top: 30px; margin-bottom: 30px}\\n.u-block-9794-8 {min-height: 100px}\\n.u-block-9794-9 {padding-top: 0px; padding-bottom: 20px; padding-left: 10px; padding-right: 10px}\\n.u-block-9794-6 {margin-top: 0px; margin-right: 0px; margin-bottom: 0px}\\n.u-block-9794-5 {margin-top: 8px; margin-right: 0px; margin-bottom: 0px; margin-left: 0px}\\n.u-block-9794-12 {margin-top: 20.5px; margin-bottom: 0px; width: 320px; margin-left: 0px; margin-right: 0px}\\n.u-block-9794-10 {min-height: 100px}\\n.u-block-9794-11 {padding-top: 10px; padding-bottom: 10px; padding-left: 10px; padding-right: 10px}\\n.u-block-9794-14 {margin-top: 50.5px; margin-right: 0px; margin-bottom: 0px; margin-left: auto}\\n.u-block-9794-3 {margin-top: -42px; margin-right: auto; margin-bottom: 0px; margin-left: 0px} }</style>\\n</section>\"}}","title":"Site2","siteStyleCss":null,"appVersion":"7.7.3","publicUrl":null,"customDomainUrl":null,"subDomain":null,"datePublished":null,"isTrial":true,"serverSiteId":null}
