[{"id":"user-image-default-logo.png","publicUrl":"np://user.desktop.nicepage.com/Site_37632732/images/default-logo.png","size":1804,"hash":"pVWyp9ScwghJ0IJ/x/tR7o2JZVo=","fileName":"default-logo.png","name":"default-logo","width":80,"height":40,"thumbnail":{"url":"np://user.desktop.nicepage.com/Site_37632732/images/thumbnails/default-logo.png","width":80,"height":40,"length":1804,"type":"png"},"folderId":null,"originalUrl":"//capp.nicepage.com/images/default-logo.png","usages":[]},{"id":"user-image-t.svg","publicUrl":"np://user.desktop.nicepage.com/Site_37632732/images/t.svg","size":5625,"hash":"sopTRGORpEux+QwJ8mSs/ROXZ70=","fileName":"t.svg","name":"t","width":2500,"height":509,"thumbnail":{"url":"np://user.desktop.nicepage.com/Site_37632732/images/thumbnails/t.svg","width":250,"height":51},"folderId":null,"originalUrl":"//images01.nicepagecdn.com/c461c07a441a5d220e8feb1a/c55909f7b257529786abd0a8/t.svg","usages":[]},{"id":"user-image-ffff.svg","publicUrl":"np://user.desktop.nicepage.com/Site_37632732/images/ffff.svg","size":4344,"hash":"xDtvoZi2rbCBbwWo0SUPFwX1tS8=","fileName":"ffff.svg","name":"ffff","width":1363,"height":523,"thumbnail":{"url":"np://user.desktop.nicepage.com/Site_37632732/images/thumbnails/ffff.svg","width":250,"height":96},"folderId":null,"originalUrl":"//images01.nicepagecdn.com/c461c07a441a5d220e8feb1a/099952eaaf675c8d84eaf4fa/ffff.svg","usages":[]},{"id":"user-image-medium-wordmark.svg","publicUrl":"np://user.desktop.nicepage.com/Site_37632732/images/medium-wordmark.svg","size":3029,"hash":"iXXVq1gmjZSnyzxlOqOq6hdDwQw=","fileName":"medium-wordmark.svg","name":"medium-wordmark","width":2500,"height":509,"thumbnail":{"url":"np://user.desktop.nicepage.com/Site_37632732/images/thumbnails/medium-wordmark.svg","width":250,"height":51},"folderId":null,"originalUrl":"//images01.nicepagecdn.com/c461c07a441a5d220e8feb1a/7167938e992d596f9adec06f/medium-wordmark.svg","usages":[]},{"id":"user-image-bergners-1.svg","publicUrl":"np://user.desktop.nicepage.com/Site_37632732/images/bergners-1.svg","size":2191,"hash":"Wb5GG83Y1uw8BIvR0kDV/fpl0oo=","fileName":"bergners-1.svg","name":"bergners-1","width":2500,"height":745,"thumbnail":{"url":"np://user.desktop.nicepage.com/Site_37632732/images/thumbnails/bergners-1.svg","width":250,"height":75},"folderId":null,"originalUrl":"//images01.nicepagecdn.com/c461c07a441a5d220e8feb1a/00f68fef8ce55d0e8e28d3cf/bergners-1.svg","usages":[]},{"id":"user-image-asos-1.svg","publicUrl":"np://user.desktop.nicepage.com/Site_37632732/images/asos-1.svg","size":2912,"hash":"qvbCk8rNdoxmHWAmf3B50tC4zr8=","fileName":"asos-1.svg","name":"asos-1","width":2500,"height":727,"thumbnail":{"url":"np://user.desktop.nicepage.com/Site_37632732/images/thumbnails/asos-1.svg","width":250,"height":73},"folderId":null,"originalUrl":"//images01.nicepagecdn.com/c461c07a441a5d220e8feb1a/0497d31bf88a5c2aba703f01/asos-1.svg","usages":[]},{"id":"user-image-sony-logo.svg","publicUrl":"np://user.desktop.nicepage.com/Site_37632732/images/sony-logo.svg","size":2770,"hash":"mI6WpsDJYEehTZQ6Yp8k4pkQ8uQ=","fileName":"sony-logo.svg","name":"sony-logo","width":2500,"height":448,"thumbnail":{"url":"np://user.desktop.nicepage.com/Site_37632732/images/thumbnails/sony-logo.svg","width":250,"height":45},"folderId":null,"originalUrl":"//images01.nicepagecdn.com/c461c07a441a5d220e8feb1a/fd4ece42119f51ca87c2bbeb/sony-logo.svg","usages":[]},{"id":"user-image-crocs-wordmark.svg","publicUrl":"np://user.desktop.nicepage.com/Site_37632732/images/crocs-wordmark.svg","size":5695,"hash":"3++tvT+uucpuauaGs4laz3shenI=","fileName":"crocs-wordmark.svg","name":"crocs-wordmark","width":2500,"height":540,"thumbnail":{"url":"np://user.desktop.nicepage.com/Site_37632732/images/thumbnails/crocs-wordmark.svg","width":250,"height":54},"folderId":null,"originalUrl":"//images01.nicepagecdn.com/c461c07a441a5d220e8feb1a/ad49a007b134537684c73513/crocs-wordmark.svg","usages":[]},{"id":"user-image-tesla-9.svg","publicUrl":"np://user.desktop.nicepage.com/Site_37632732/images/tesla-9.svg","size":1275,"hash":"ozx4T4aGyP6aT/x5InchzuwiUEk=","fileName":"tesla-9.svg","name":"tesla-9","width":2500,"height":326,"thumbnail":{"url":"np://user.desktop.nicepage.com/Site_37632732/images/thumbnails/tesla-9.svg","width":250,"height":33},"folderId":null,"originalUrl":"//images01.nicepagecdn.com/c461c07a441a5d220e8feb1a/b88bf2b6798c5483a79b3bc6/tesla-9.svg","usages":[]},{"id":"user-image-logo-amazon.svg","publicUrl":"np://user.desktop.nicepage.com/Site_37632732/images/logo-amazon.svg","size":5034,"hash":"ptWEXIE/HFb2BKd7aJFy16qe/To=","fileName":"logo-amazon.svg","name":"logo-amazon","width":2500,"height":752,"thumbnail":{"url":"np://user.desktop.nicepage.com/Site_37632732/images/thumbnails/logo-amazon.svg","width":250,"height":75},"folderId":null,"originalUrl":"//images01.nicepagecdn.com/c461c07a441a5d220e8feb1a/6e6414551ba057cda3373ae6/logo-amazon.svg","usages":[]},{"id":"user-image-1.svg","publicUrl":"np://user.desktop.nicepage.com/Site_37632732/images/1.svg","size":6556,"hash":"gOVawoWNDddm+stQNlD/SJPlGPY=","fileName":"1.svg","name":"1","width":2500,"height":752,"thumbnail":{"url":"np://user.desktop.nicepage.com/Site_37632732/images/thumbnails/1.svg","width":250,"height":75},"folderId":null,"originalUrl":"//images01.nicepagecdn.com/c461c07a441a5d220e8feb1a/d31506595cff5d9f89d800f7/1.svg","usages":[]},{"id":"user-image-evga.svg","publicUrl":"np://user.desktop.nicepage.com/Site_37632732/images/evga.svg","size":2836,"hash":"/LscUJbIrC/kB1s5L+t7IP0iX00=","fileName":"evga.svg","name":"evga","width":2500,"height":523,"thumbnail":{"url":"np://user.desktop.nicepage.com/Site_37632732/images/thumbnails/evga.svg","width":250,"height":52},"folderId":null,"originalUrl":"//images01.nicepagecdn.com/c461c07a441a5d220e8feb1a/16dceaaca47153d9b01ce7f6/evga.svg","usages":[]},{"id":"user-image-125902.jpg","publicUrl":"np://user.desktop.nicepage.com/Site_37632732/images/125902.jpg","size":680529,"hash":"hiVIKqyrLux+bZ/ltmVYpPEjDSA=","fileName":"125902.jpg","name":"125902","width":2000,"height":1334,"thumbnail":{"url":"np://user.desktop.nicepage.com/Site_37632732/images/thumbnails/125902.jpg","width":250,"height":167},"folderId":null,"originalUrl":"https://assets.nicepagecdn.com/11a8ddce/6348401/images/125902.jpg","usages":[]},{"id":"user-image-2149846563.jpg","publicUrl":"np://user.desktop.nicepage.com/Site_37632732/images/2149846563.jpg","size":1025857,"hash":"oKLD+XiJXhOR6Z05QE0ep4Khaoo=","fileName":"2149846563.jpg","name":"2149846563","width":1000,"height":1500,"thumbnail":{"url":"np://user.desktop.nicepage.com/Site_37632732/images/thumbnails/2149846563.jpg","width":167,"height":250},"folderId":null,"originalUrl":"https://assets.nicepagecdn.com/11a8ddce/6348401/images/2149846563.jpg","usages":[]},{"id":"user-image-3.png","publicUrl":"np://user.desktop.nicepage.com/Site_37632732/images/3.png","size":773971,"hash":"ylx5u6wzBzSkpkBeUvHgm3l0a3s=","fileName":"3.png","name":"3","width":926,"height":925,"thumbnail":{"url":"np://user.desktop.nicepage.com/Site_37632732/images/thumbnails/3.png","width":250,"height":250},"folderId":null,"originalUrl":"https://assets.nicepagecdn.com/11a8ddce/6348401/images/3.png","usages":[]},{"id":"user-image-pexels-nazila-21345908copy.jpg","publicUrl":"np://user.desktop.nicepage.com/Site_37632732/images/pexels-nazila-21345908copy.jpg","size":574067,"hash":"pAvI1FfEjEV/hHzvzgftcKhpfZ0=","fileName":"pexels-nazila-21345908copy.jpg","name":"pexels-nazila-21345908copy","width":2700,"height":1409,"thumbnail":{"url":"np://user.desktop.nicepage.com/Site_37632732/images/thumbnails/pexels-nazila-21345908copy.jpg","width":250,"height":130},"folderId":null,"originalUrl":"https://assets.nicepagecdn.com/11a8ddce/6348401/images/pexels-nazila-21345908copy.jpg","usages":[]},{"id":"user-image-42243.jpg","publicUrl":"np://user.desktop.nicepage.com/Site_37632732/images/42243.jpg","size":417677,"hash":"2tsNW/Qod003rtMmZxNyeNtob9k=","fileName":"42243.jpg","name":"42243","width":1333,"height":2000,"thumbnail":{"url":"np://user.desktop.nicepage.com/Site_37632732/images/thumbnails/42243.jpg","width":167,"height":250},"folderId":null,"originalUrl":"https://assets.nicepagecdn.com/11a8ddce/6348401/images/42243.jpg","usages":[]},{"id":"user-image-w.jpg","publicUrl":"np://user.desktop.nicepage.com/Site_37632732/images/w.jpg","size":13464,"hash":"e7c9NX//eHiYKWHs5e7xesSXXw8=","fileName":"w.jpg","name":"w","width":206,"height":206,"thumbnail":{"url":"np://user.desktop.nicepage.com/Site_37632732/images/thumbnails/w.jpg","height":206,"width":206,"length":13464,"type":"jpg"},"folderId":null,"originalUrl":"https://assets.nicepagecdn.com/11a8ddce/6348401/images/w.jpg","usages":[]},{"id":"user-image-hgghgh.jpg","publicUrl":"np://user.desktop.nicepage.com/Site_37632732/images/hgghgh.jpg","size":13439,"hash":"PPK/lKxaF/8m4Toi81kgpvrKsBY=","fileName":"hgghgh.jpg","name":"hgghgh","width":206,"height":206,"thumbnail":{"url":"np://user.desktop.nicepage.com/Site_37632732/images/thumbnails/hgghgh.jpg","height":206,"width":206,"length":13439,"type":"jpg"},"folderId":null,"originalUrl":"https://assets.nicepagecdn.com/11a8ddce/6348401/images/hgghgh.jpg","usages":[]},{"id":"user-image-13917.jpg","publicUrl":"np://user.desktop.nicepage.com/Site_37632732/images/13917.jpg","size":874494,"hash":"+ph4Pl6P+XoSE5+/JTIwIt4pdEQ=","fileName":"13917.jpg","name":"13917","width":1269,"height":2000,"thumbnail":{"url":"np://user.desktop.nicepage.com/Site_37632732/images/thumbnails/13917.jpg","width":159,"height":250},"folderId":null,"originalUrl":"https://assets.nicepagecdn.com/11a8ddce/6348401/images/13917.jpg","usages":[]},{"id":"user-image-pexels-rostislav-4754883.jpg","publicUrl":"np://user.desktop.nicepage.com/Site_37632732/images/pexels-rostislav-4754883.jpg","size":147572,"hash":"XIp24QRKFhbu1R1ZvuQ8T4lG8Aw=","fileName":"pexels-rostislav-4754883.jpg","name":"pexels-rostislav-4754883","width":1920,"height":1080,"thumbnail":{"url":"np://user.desktop.nicepage.com/Site_37632732/images/thumbnails/pexels-rostislav-4754883.jpg","width":250,"height":141},"folderId":null,"originalUrl":"https://assets.nicepagecdn.com/11a8ddce/6348401/images/pexels-rostislav-4754883.jpg","usages":[]},{"id":"user-image-129373.jpg","publicUrl":"np://user.desktop.nicepage.com/Site_37632732/images/129373.jpg","size":986017,"hash":"94qyN3w0UFipD/g658oG2Xttbu0=","fileName":"129373.jpg","name":"129373","width":1125,"height":2000,"thumbnail":{"url":"np://user.desktop.nicepage.com/Site_37632732/images/thumbnails/129373.jpg","width":141,"height":250},"folderId":null,"originalUrl":"https://assets.nicepagecdn.com/11a8ddce/6348401/images/129373.jpg","usages":[]},{"id":"user-image-2150529809.jpg","publicUrl":"np://user.desktop.nicepage.com/Site_37632732/images/2150529809.jpg","size":401266,"hash":"JJkO9H6RvuNhiBw/vw/50oJjZM0=","fileName":"2150529809.jpg","name":"2150529809","width":1121,"height":2000,"thumbnail":{"url":"np://user.desktop.nicepage.com/Site_37632732/images/thumbnails/2150529809.jpg","width":140,"height":250},"folderId":null,"originalUrl":"https://assets.nicepagecdn.com/11a8ddce/6348401/images/2150529809.jpg","usages":[]},{"id":"user-image-2148835352.jpg","publicUrl":"np://user.desktop.nicepage.com/Site_37632732/images/2148835352.jpg","size":928315,"hash":"p8w19g3VgKt11PSv2ga6NrfHrt4=","fileName":"2148835352.jpg","name":"2148835352","width":1200,"height":1500,"thumbnail":{"url":"np://user.desktop.nicepage.com/Site_37632732/images/thumbnails/2148835352.jpg","width":200,"height":250},"folderId":null,"originalUrl":"https://assets.nicepagecdn.com/11a8ddce/6348401/images/2148835352.jpg","usages":[]},{"id":"user-image-black-white-portrait-girl-with-sunglasses.jpg","publicUrl":"np://user.desktop.nicepage.com/Site_37632732/images/black-white-portrait-girl-with-sunglasses.jpg","size":1137073,"hash":"+TLV5Lvq77WNL0wnMRp+M8Pv4CM=","fileName":"black-white-portrait-girl-with-sunglasses.jpg","name":"black-white-portrait-girl-with-sunglasses","width":1415,"height":2000,"thumbnail":{"url":"np://user.desktop.nicepage.com/Site_37632732/images/thumbnails/black-white-portrait-girl-with-sunglasses.jpg","width":177,"height":250},"folderId":null,"originalUrl":"https://assets.nicepagecdn.com/11a8ddce/6348401/images/black-white-portrait-girl-with-sunglasses.jpg","usages":[]},{"id":"user-image-female-model-demonstrating-silber-braceletcopy.jpg","publicUrl":"np://user.desktop.nicepage.com/Site_37632732/images/female-model-demonstrating-silber-braceletcopy.jpg","size":584675,"hash":"rLtZGNl9WjI4q2iLhE+5UWEfXGs=","fileName":"female-model-demonstrating-silber-braceletcopy.jpg","name":"female-model-demonstrating-silber-braceletcopy","width":1000,"height":1500,"thumbnail":{"url":"np://user.desktop.nicepage.com/Site_37632732/images/thumbnails/female-model-demonstrating-silber-braceletcopy.jpg","width":167,"height":250},"folderId":null,"originalUrl":"https://assets.nicepagecdn.com/11a8ddce/6348401/images/female-model-demonstrating-silber-braceletcopy.jpg","usages":[]},{"id":"user-image-pexels-beardedbasturds-842980.jpg","publicUrl":"np://user.desktop.nicepage.com/Site_37632732/images/pexels-beardedbasturds-842980.jpg","size":224942,"hash":"nkVMM9q2Ukl2znrz5X8SsoRLgOQ=","fileName":"pexels-beardedbasturds-842980.jpg","name":"pexels-beardedbasturds-842980","width":1280,"height":1862,"thumbnail":{"url":"np://user.desktop.nicepage.com/Site_37632732/images/thumbnails/pexels-beardedbasturds-842980.jpg","width":172,"height":250},"folderId":null,"originalUrl":"https://assets.nicepagecdn.com/11a8ddce/6348401/images/pexels-beardedbasturds-842980.jpg","usages":[]},{"id":"user-image-pexels-nazila-21345908.jpg","publicUrl":"np://user.desktop.nicepage.com/Site_37632732/images/pexels-nazila-21345908.jpg","size":822521,"hash":"RrMWt6GwcKzLMgD4YcjmB3VunZw=","fileName":"pexels-nazila-21345908.jpg","name":"pexels-nazila-21345908","width":1920,"height":1556,"thumbnail":{"url":"np://user.desktop.nicepage.com/Site_37632732/images/thumbnails/pexels-nazila-21345908.jpg","width":250,"height":203},"folderId":null,"originalUrl":"https://assets.nicepagecdn.com/11a8ddce/6348401/images/pexels-nazila-21345908.jpg","usages":[]},{"id":"user-image-16501.jpg","publicUrl":"np://user.desktop.nicepage.com/Site_37632732/images/16501.jpg","size":632739,"hash":"74cgzsxl62ErINrpGyIQVfHmooQ=","fileName":"16501.jpg","name":"16501","width":2000,"height":1333,"thumbnail":{"url":"np://user.desktop.nicepage.com/Site_37632732/images/thumbnails/16501.jpg","width":250,"height":167},"folderId":null,"originalUrl":"https://assets.nicepagecdn.com/11a8ddce/6348401/images/16501.jpg","usages":["52813650"]},{"id":"user-image-152356.png","publicUrl":"np://user.desktop.nicepage.com/Site_37632732/images/152356.png","size":894,"hash":"vQBlXSlu86g8S4r0cVk2ih8YrJI=","fileName":"152356.png","name":"152356","width":128,"height":128,"thumbnail":{"url":"np://user.desktop.nicepage.com/Site_37632732/images/thumbnails/152356.png","width":128,"height":128,"length":894,"type":"png"},"folderId":null,"originalUrl":"https://assets.nicepagecdn.com/11a8ddce/6348401/images/152356.png","usages":["52813650"]},{"id":"user-image-2148835342.jpg","publicUrl":"np://user.desktop.nicepage.com/Site_37632732/images/2148835342.jpg","size":587889,"hash":"zKD13VslQiMCbKKwM3V3LkljUaA=","fileName":"2148835342.jpg","name":"2148835342","width":1000,"height":1500,"thumbnail":{"url":"np://user.desktop.nicepage.com/Site_37632732/images/thumbnails/2148835342.jpg","width":167,"height":250},"folderId":null,"originalUrl":"https://assets.nicepagecdn.com/11a8ddce/6348401/images/2148835342.jpg","usages":["52813650"]},{"id":"user-image-2149207908.jpg","publicUrl":"np://user.desktop.nicepage.com/Site_37632732/images/2149207908.jpg","size":1772658,"hash":"ACQmbz0xVj6Q6vddbN3E+OZ7xgE=","fileName":"2149207908.jpg","name":"2149207908","width":1333,"height":2000,"thumbnail":{"url":"np://user.desktop.nicepage.com/Site_37632732/images/thumbnails/2149207908.jpg","width":167,"height":250},"folderId":null,"originalUrl":"https://assets.nicepagecdn.com/11a8ddce/6348401/images/2149207908.jpg","usages":["52813650"]},{"id":"user-image-2151235300.jpg","publicUrl":"np://user.desktop.nicepage.com/Site_37632732/images/2151235300.jpg","size":1547867,"hash":"q3mLjB4Ddm0mzBTETTpB4J34NHE=","fileName":"2151235300.jpg","name":"2151235300","width":1506,"height":2000,"thumbnail":{"url":"np://user.desktop.nicepage.com/Site_37632732/images/thumbnails/2151235300.jpg","width":188,"height":250},"folderId":null,"originalUrl":"https://assets.nicepagecdn.com/11a8ddce/6348401/images/2151235300.jpg","usages":["52813650"]},{"id":"user-image-2149334652.jpg","publicUrl":"np://user.desktop.nicepage.com/Site_37632732/images/2149334652.jpg","size":924748,"hash":"4bcVxDwttA8bJiSAGW1RsjSBzcI=","fileName":"2149334652.jpg","name":"2149334652","width":1333,"height":2000,"thumbnail":{"url":"np://user.desktop.nicepage.com/Site_37632732/images/thumbnails/2149334652.jpg","width":167,"height":250},"folderId":null,"originalUrl":"https://assets.nicepagecdn.com/11a8ddce/6348401/images/2149334652.jpg","usages":["52813650"]},{"id":"user-image-2151118338.jpg","publicUrl":"np://user.desktop.nicepage.com/Site_37632732/images/2151118338.jpg","size":711775,"hash":"+XQbFrowCNMkTQl92b9v6N5GG+0=","fileName":"2151118338.jpg","name":"2151118338","width":2000,"height":1333,"thumbnail":{"url":"np://user.desktop.nicepage.com/Site_37632732/images/thumbnails/2151118338.jpg","width":250,"height":167},"folderId":null,"originalUrl":"https://assets.nicepagecdn.com/11a8ddce/6348401/images/2151118338.jpg","usages":["52813650"]},{"id":"user-image-2148548991.jpg","publicUrl":"np://user.desktop.nicepage.com/Site_37632732/images/2148548991.jpg","size":1145329,"hash":"BPkrPuAGhPdVvZzXqmA4ziuKLRw=","fileName":"2148548991.jpg","name":"2148548991","width":2000,"height":1333,"thumbnail":{"url":"np://user.desktop.nicepage.com/Site_37632732/images/thumbnails/2148548991.jpg","width":250,"height":167},"folderId":null,"originalUrl":"https://assets.nicepagecdn.com/11a8ddce/6348401/images/2148548991.jpg","usages":["52813650"]},{"id":"user-image-2149253143.jpg","publicUrl":"np://user.desktop.nicepage.com/Site_37632732/images/2149253143.jpg","size":538251,"hash":"1oQC56s/Pdiemb3tZ9ugQQ5/Fp8=","fileName":"2149253143.jpg","name":"2149253143","width":1000,"height":1500,"thumbnail":{"url":"np://user.desktop.nicepage.com/Site_37632732/images/thumbnails/2149253143.jpg","width":167,"height":250},"folderId":null,"originalUrl":"https://assets.nicepagecdn.com/11a8ddce/6348401/images/2149253143.jpg","usages":[]},{"id":"user-image-147893.jpg","publicUrl":"np://user.desktop.nicepage.com/Site_37632732/images/147893.jpg","size":629008,"hash":"2m24weNv75ldSRr38pO2+/BMGsA=","fileName":"147893.jpg","name":"147893","width":2000,"height":1333,"thumbnail":{"url":"np://user.desktop.nicepage.com/Site_37632732/images/thumbnails/147893.jpg","width":250,"height":167},"folderId":null,"originalUrl":"https://assets.nicepagecdn.com/11a8ddce/6348401/images/147893.jpg","usages":[]}]
