[{"id":24568228,"title":"Blog Template","order":1,"templateKey":"blog","customTemplate":false,"customTemplateFilename":null,"pageLinks":[],"dateCreated":"2025-04-30T21:24:22.639Z","dateUpdated":"2025-04-30T21:24:23.440Z","folderId":null,"pageName":"Blog Template","serverPageId":null,"sectionCount":1,"status":2,"backwardUrl":null},{"id":46113061,"title":"Post Template","order":2,"templateKey":"post","customTemplate":false,"customTemplateFilename":null,"pageLinks":[],"dateCreated":"2025-04-30T21:24:22.707Z","dateUpdated":"2025-04-30T21:24:23.440Z","folderId":null,"pageName":"Post Template","serverPageId":null,"sectionCount":1,"status":2,"backwardUrl":null},{"id":1617328393,"title":"Product List Template","order":3,"templateKey":"products","customTemplate":false,"customTemplateFilename":null,"pageLinks":[],"dateCreated":"2025-04-30T21:24:22.777Z","dateUpdated":"2025-04-30T21:24:23.440Z","folderId":null,"pageName":"Product List Template","serverPageId":null,"sectionCount":1,"status":2,"backwardUrl":null},{"id":876505252,"title":"Product Details Template","order":4,"templateKey":"product","customTemplate":false,"customTemplateFilename":null,"pageLinks":[],"dateCreated":"2025-04-30T21:24:22.852Z","dateUpdated":"2025-04-30T21:24:23.440Z","folderId":null,"pageName":"Product Details Template","serverPageId":null,"sectionCount":1,"status":2,"backwardUrl":null},{"id":66347485,"title":"Shopping Cart Template","order":5,"templateKey":"cart","customTemplate":false,"customTemplateFilename":null,"pageLinks":[],"dateCreated":"2025-04-30T21:24:22.915Z","dateUpdated":"2025-04-30T21:24:23.440Z","folderId":null,"pageName":"Shopping Cart Template","serverPageId":null,"sectionCount":1,"status":2,"backwardUrl":null},{"id":736021982,"title":"Checkout Template","order":6,"templateKey":"checkout","customTemplate":false,"customTemplateFilename":null,"pageLinks":[],"dateCreated":"2025-04-30T21:24:23.000Z","dateUpdated":"2025-04-30T21:24:23.441Z","folderId":null,"pageName":"Checkout Template","serverPageId":null,"sectionCount":1,"status":2,"backwardUrl":null},{"id":33203331,"title":"Login Template","order":7,"templateKey":"login","customTemplate":false,"customTemplateFilename":null,"pageLinks":[],"dateCreated":"2025-04-30T21:24:23.050Z","dateUpdated":"2025-04-30T21:24:23.441Z","folderId":null,"pageName":"Login Template","serverPageId":null,"sectionCount":1,"status":2,"backwardUrl":null},{"id":253198280,"title":"Search Page Template","order":8,"templateKey":"Search","customTemplate":false,"customTemplateFilename":null,"pageLinks":[],"dateCreated":"2025-04-30T21:24:23.090Z","dateUpdated":"2025-04-30T21:24:23.441Z","folderId":null,"pageName":"Search Page Template","serverPageId":null,"sectionCount":1,"status":2,"backwardUrl":null},{"id":937517249,"title":"Page Password Template","order":9,"templateKey":"password","customTemplate":false,"customTemplateFilename":null,"pageLinks":[],"dateCreated":"2025-04-30T21:24:23.140Z","dateUpdated":"2025-04-30T21:24:23.441Z","folderId":null,"pageName":"Page Password Template","serverPageId":null,"sectionCount":1,"status":2,"backwardUrl":null},{"id":59409225,"title":"404 Not Found Template","order":10,"templateKey":"404","customTemplate":false,"customTemplateFilename":null,"pageLinks":[],"dateCreated":"2025-04-30T21:24:23.184Z","dateUpdated":"2025-04-30T21:24:23.441Z","folderId":null,"pageName":"404 Not Found Template","serverPageId":null,"sectionCount":1,"status":2,"backwardUrl":null},{"id":151337250,"title":"Thank You Page Template","order":11,"templateKey":"ThankYou","customTemplate":false,"customTemplateFilename":null,"pageLinks":[],"dateCreated":"2025-04-30T21:24:23.222Z","dateUpdated":"2025-04-30T21:24:23.441Z","folderId":null,"pageName":"Thank You Page Template","serverPageId":null,"sectionCount":1,"status":2,"backwardUrl":null},{"id":52813650,"title":"Home","order":12,"templateKey":null,"customTemplate":false,"customTemplateFilename":null,"pageLinks":[],"dateCreated":"2025-04-30T21:25:54.655Z","dateUpdated":"2025-04-30T21:58:57.899Z","folderId":null,"pageName":"Home_52813650","serverPageId":null,"sectionCount":8,"status":2,"backwardUrl":null},{"id":121964491,"title":"Landing","order":13,"templateKey":null,"customTemplate":false,"customTemplateFilename":null,"pageLinks":[],"dateCreated":"2025-04-30T21:25:57.067Z","dateUpdated":"2025-04-30T21:25:57.067Z","folderId":null,"pageName":"Landing_121964491","serverPageId":null,"sectionCount":12,"status":2,"backwardUrl":null},{"id":229956807,"title":"About","order":14,"templateKey":null,"customTemplate":false,"customTemplateFilename":null,"pageLinks":[],"dateCreated":"2025-04-30T21:25:58.277Z","dateUpdated":"2025-04-30T21:25:58.277Z","folderId":null,"pageName":"About_229956807","serverPageId":null,"sectionCount":8,"status":2,"backwardUrl":null},{"id":1566506418,"title":"Gallery","order":15,"templateKey":null,"customTemplate":false,"customTemplateFilename":null,"pageLinks":[],"dateCreated":"2025-04-30T21:26:00.189Z","dateUpdated":"2025-04-30T21:26:00.189Z","folderId":null,"pageName":"Gallery_1566506418","serverPageId":null,"sectionCount":5,"status":2,"backwardUrl":null},{"id":859706824,"title":"Contact","order":16,"templateKey":null,"customTemplate":false,"customTemplateFilename":null,"pageLinks":[],"dateCreated":"2025-04-30T21:26:01.519Z","dateUpdated":"2025-04-30T21:26:01.519Z","folderId":null,"pageName":"Contact_859706824","serverPageId":null,"sectionCount":6,"status":2,"backwardUrl":null}]
