[{"id":"user-image-nordwood-themes-kRNZiGKtz48-unsplash.jpg","publicUrl":"np://user.desktop.nicepage.com/Site_555506620/images/nordwood-themes-kRNZiGKtz48-unsplash.jpg","size":288893,"hash":"YVIdZfvqgC62f19TaXqoWTsZqks=","fileName":"nordwood-themes-kRNZiGKtz48-unsplash.jpg","name":"nordwood-themes-kRNZiGKtz48-unsplash","width":2400,"height":1600,"thumbnail":{"url":"np://user.desktop.nicepage.com/Site_555506620/images/thumbnails/nordwood-themes-kRNZiGKtz48-unsplash.jpg","width":250,"height":167},"folderId":null,"usages":["87009652"]},{"id":"user-image-vmware-logo-grey.svg","publicUrl":"np://user.desktop.nicepage.com/Site_555506620/images/vmware-logo-grey.svg","size":6551,"hash":"2S310+eURa+Ke0ZRMIpEr8qitDA=","fileName":"vmware-logo-grey.svg","name":"vmware-logo-grey","width":302,"height":90,"thumbnail":{"url":"np://user.desktop.nicepage.com/Site_555506620/images/thumbnails/vmware-logo-grey.svg","width":250,"height":75},"folderId":null,"usages":[]}]
