[{"id":178131860,"title":"Blog Template","order":1,"templateKey":"blog","customTemplate":false,"customTemplateFilename":null,"pageLinks":[],"dateCreated":"2025-04-30T22:12:23.282Z","dateUpdated":"2025-04-30T22:12:23.989Z","folderId":null,"pageName":"Blog Template","serverPageId":null,"sectionCount":1,"status":2,"backwardUrl":null},{"id":1107222922,"title":"Post Template","order":2,"templateKey":"post","customTemplate":false,"customTemplateFilename":null,"pageLinks":[],"dateCreated":"2025-04-30T22:12:23.346Z","dateUpdated":"2025-04-30T22:12:23.990Z","folderId":null,"pageName":"Post Template","serverPageId":null,"sectionCount":1,"status":2,"backwardUrl":null},{"id":1031419821,"title":"Product List Template","order":3,"templateKey":"products","customTemplate":false,"customTemplateFilename":null,"pageLinks":[],"dateCreated":"2025-04-30T22:12:23.404Z","dateUpdated":"2025-04-30T22:12:23.990Z","folderId":null,"pageName":"Product List Template","serverPageId":null,"sectionCount":1,"status":2,"backwardUrl":null},{"id":280462544,"title":"Product Details Template","order":4,"templateKey":"product","customTemplate":false,"customTemplateFilename":null,"pageLinks":[],"dateCreated":"2025-04-30T22:12:23.470Z","dateUpdated":"2025-04-30T22:12:23.990Z","folderId":null,"pageName":"Product Details Template","serverPageId":null,"sectionCount":1,"status":2,"backwardUrl":null},{"id":873005098,"title":"Shopping Cart Template","order":5,"templateKey":"cart","customTemplate":false,"customTemplateFilename":null,"pageLinks":[],"dateCreated":"2025-04-30T22:12:23.526Z","dateUpdated":"2025-04-30T22:12:23.990Z","folderId":null,"pageName":"Shopping Cart Template","serverPageId":null,"sectionCount":1,"status":2,"backwardUrl":null},{"id":116129987,"title":"Checkout Template","order":6,"templateKey":"checkout","customTemplate":false,"customTemplateFilename":null,"pageLinks":[],"dateCreated":"2025-04-30T22:12:23.606Z","dateUpdated":"2025-04-30T22:12:23.990Z","folderId":null,"pageName":"Checkout Template","serverPageId":null,"sectionCount":1,"status":2,"backwardUrl":null},{"id":158205636,"title":"Login Template","order":7,"templateKey":"login","customTemplate":false,"customTemplateFilename":null,"pageLinks":[],"dateCreated":"2025-04-30T22:12:23.681Z","dateUpdated":"2025-04-30T22:12:23.990Z","folderId":null,"pageName":"Login Template","serverPageId":null,"sectionCount":1,"status":2,"backwardUrl":null},{"id":46926702,"title":"Search Page Template","order":8,"templateKey":"Search","customTemplate":false,"customTemplateFilename":null,"pageLinks":[],"dateCreated":"2025-04-30T22:12:23.723Z","dateUpdated":"2025-04-30T22:12:23.990Z","folderId":null,"pageName":"Search Page Template","serverPageId":null,"sectionCount":1,"status":2,"backwardUrl":null},{"id":2683127422,"title":"Page Password Template","order":9,"templateKey":"password","customTemplate":false,"customTemplateFilename":null,"pageLinks":[],"dateCreated":"2025-04-30T22:12:23.769Z","dateUpdated":"2025-04-30T22:12:23.990Z","folderId":null,"pageName":"Page Password Template","serverPageId":null,"sectionCount":1,"status":2,"backwardUrl":null},{"id":176083392,"title":"404 Not Found Template","order":10,"templateKey":"404","customTemplate":false,"customTemplateFilename":null,"pageLinks":[],"dateCreated":"2025-04-30T22:12:23.801Z","dateUpdated":"2025-04-30T22:12:23.990Z","folderId":null,"pageName":"404 Not Found Template","serverPageId":null,"sectionCount":1,"status":2,"backwardUrl":null},{"id":167068984,"title":"Thank You Page Template","order":11,"templateKey":"ThankYou","customTemplate":false,"customTemplateFilename":null,"pageLinks":[],"dateCreated":"2025-04-30T22:12:23.827Z","dateUpdated":"2025-04-30T22:12:23.990Z","folderId":null,"pageName":"Thank You Page Template","serverPageId":null,"sectionCount":1,"status":2,"backwardUrl":null},{"id":87009652,"title":"Home","order":50,"templateKey":null,"customTemplate":false,"customTemplateFilename":null,"pageLinks":[],"dateCreated":"2025-04-30T22:12:41.055Z","dateUpdated":"2025-06-18T00:38:32.759Z","folderId":null,"pageName":"Home_87009652","serverPageId":null,"sectionCount":3,"status":2,"backwardUrl":null},{"id":98917984,"title":"About","order":100,"templateKey":null,"customTemplate":false,"customTemplateFilename":null,"pageLinks":[],"dateCreated":"2025-04-30T22:12:23.847Z","dateUpdated":"2025-04-30T22:12:23.990Z","folderId":null,"pageName":"About_98917984","serverPageId":null,"sectionCount":1,"status":2,"backwardUrl":null},{"id":42862579,"title":"Contact","order":101,"templateKey":null,"customTemplate":false,"customTemplateFilename":null,"pageLinks":[],"dateCreated":"2025-04-30T22:12:23.864Z","dateUpdated":"2025-04-30T22:12:23.990Z","folderId":null,"pageName":"Contact_42862579","serverPageId":null,"sectionCount":1,"status":2,"backwardUrl":null}]
