[{"id":22958068,"title":"Blog Template","order":1,"templateKey":"blog","customTemplate":false,"customTemplateFilename":null,"pageLinks":[],"dateCreated":"2023-10-13T18:12:10.696Z","dateUpdated":"2023-10-13T18:12:12.336Z","folderId":null,"pageName":"Blog Template","serverPageId":null,"status":2,"backwardUrl":null},{"id":262218439,"title":"Post Template","order":2,"templateKey":"post","customTemplate":false,"customTemplateFilename":null,"pageLinks":[],"dateCreated":"2023-10-13T18:12:10.904Z","dateUpdated":"2023-10-13T18:12:12.337Z","folderId":null,"pageName":"Post Template","serverPageId":null,"status":2,"backwardUrl":null},{"id":1661114463,"title":"Product List Template","order":3,"templateKey":"products","customTemplate":false,"customTemplateFilename":null,"pageLinks":[],"dateCreated":"2023-10-13T18:12:11.043Z","dateUpdated":"2023-10-13T18:12:12.337Z","folderId":null,"pageName":"Product List Template","serverPageId":null,"status":2,"backwardUrl":null},{"id":799509806,"title":"Product Details Template","order":4,"templateKey":"product","customTemplate":false,"customTemplateFilename":null,"pageLinks":[],"dateCreated":"2023-10-13T18:12:11.194Z","dateUpdated":"2023-10-13T18:12:12.337Z","folderId":null,"pageName":"Product Details Template","serverPageId":null,"status":2,"backwardUrl":null},{"id":1851401286,"title":"Shopping Cart Template","order":5,"templateKey":"cart","customTemplate":false,"customTemplateFilename":null,"pageLinks":[],"dateCreated":"2023-10-13T18:12:11.341Z","dateUpdated":"2023-10-13T18:12:12.337Z","folderId":null,"pageName":"Shopping Cart Template","serverPageId":null,"status":2,"backwardUrl":null},{"id":42204019,"title":"Checkout Template","order":6,"templateKey":"checkout","customTemplate":false,"customTemplateFilename":null,"pageLinks":[],"dateCreated":"2023-10-13T18:12:11.526Z","dateUpdated":"2023-10-13T18:12:12.337Z","folderId":null,"pageName":"Checkout Template","serverPageId":null,"status":2,"backwardUrl":null},{"id":99719900,"title":"Login Template","order":7,"templateKey":"login","customTemplate":false,"customTemplateFilename":null,"pageLinks":[],"dateCreated":"2023-10-13T18:12:11.630Z","dateUpdated":"2023-10-13T18:12:12.338Z","folderId":null,"pageName":"Login Template","serverPageId":null,"status":2,"backwardUrl":null},{"id":12758241,"title":"Page Password Template","order":8,"templateKey":"password","customTemplate":false,"customTemplateFilename":null,"pageLinks":[],"dateCreated":"2023-10-13T18:12:11.698Z","dateUpdated":"2023-10-13T18:12:12.338Z","folderId":null,"pageName":"Page Password Template","serverPageId":null,"status":2,"backwardUrl":null},{"id":40529817,"title":"404 Not Found Template","order":9,"templateKey":"404","customTemplate":false,"customTemplateFilename":null,"pageLinks":[],"dateCreated":"2023-10-13T18:12:11.759Z","dateUpdated":"2023-10-13T18:12:12.338Z","folderId":null,"pageName":"404 Not Found Template","serverPageId":null,"status":2,"backwardUrl":null},{"id":113205219,"title":"Thank You Page Template","order":10,"templateKey":"ThankYou","customTemplate":false,"customTemplateFilename":null,"pageLinks":[],"dateCreated":"2023-10-13T18:12:11.824Z","dateUpdated":"2023-10-13T18:12:12.339Z","folderId":null,"pageName":"Thank You Page Template","serverPageId":null,"status":2,"backwardUrl":null},{"id":875702177,"title":"Home","order":50,"templateKey":null,"customTemplate":false,"customTemplateFilename":null,"pageLinks":["6","5","4","3"],"dateCreated":"2023-10-13T18:12:12.895Z","dateUpdated":"2023-10-14T01:32:27.959Z","folderId":null,"pageName":"Home_875702177","serverPageId":null,"status":2,"backwardUrl":null},{"id":69203108,"title":"About","order":100,"templateKey":null,"customTemplate":false,"customTemplateFilename":null,"pageLinks":[],"dateCreated":"2023-10-13T18:12:11.870Z","dateUpdated":"2023-10-13T18:12:12.339Z","folderId":null,"pageName":"About_69203108","serverPageId":null,"status":2,"backwardUrl":null},{"id":2177622659,"title":"Contact","order":101,"templateKey":null,"customTemplate":false,"customTemplateFilename":null,"pageLinks":[],"dateCreated":"2023-10-13T18:12:11.903Z","dateUpdated":"2023-10-13T18:12:12.339Z","folderId":null,"pageName":"Contact_2177622659","serverPageId":null,"status":2,"backwardUrl":null},{"id":667818570,"title":"Page 1","order":102,"templateKey":null,"customTemplate":false,"customTemplateFilename":null,"pageLinks":[],"dateCreated":"2023-10-14T02:57:28.600Z","dateUpdated":"2023-10-14T03:00:46.159Z","folderId":null,"pageName":"Page 1_667818570","serverPageId":null,"status":2,"backwardUrl":null}]
