[{"id":32799742,"title":"Blog Template","order":1,"templateKey":"blog","customTemplate":false,"customTemplateFilename":null,"pageLinks":[],"dateCreated":"2025-04-30T18:38:37.818Z","dateUpdated":"2025-04-30T18:38:39.371Z","folderId":null,"pageName":"Blog Template","serverPageId":null,"sectionCount":1,"status":2,"backwardUrl":null},{"id":1299718705,"title":"Post Template","order":2,"templateKey":"post","customTemplate":false,"customTemplateFilename":null,"pageLinks":[],"dateCreated":"2025-04-30T18:38:37.993Z","dateUpdated":"2025-04-30T18:38:39.372Z","folderId":null,"pageName":"Post Template","serverPageId":null,"sectionCount":1,"status":2,"backwardUrl":null},{"id":56228061,"title":"Product List Template","order":3,"templateKey":"products","customTemplate":false,"customTemplateFilename":null,"pageLinks":[],"dateCreated":"2025-04-30T18:38:38.117Z","dateUpdated":"2025-04-30T18:38:39.372Z","folderId":null,"pageName":"Product List Template","serverPageId":null,"sectionCount":1,"status":2,"backwardUrl":null},{"id":751217840,"title":"Product Details Template","order":4,"templateKey":"product","customTemplate":false,"customTemplateFilename":null,"pageLinks":[],"dateCreated":"2025-04-30T18:38:38.268Z","dateUpdated":"2025-04-30T18:38:39.372Z","folderId":null,"pageName":"Product Details Template","serverPageId":null,"sectionCount":1,"status":2,"backwardUrl":null},{"id":170426115,"title":"Shopping Cart Template","order":5,"templateKey":"cart","customTemplate":false,"customTemplateFilename":null,"pageLinks":[],"dateCreated":"2025-04-30T18:38:38.403Z","dateUpdated":"2025-04-30T18:38:39.373Z","folderId":null,"pageName":"Shopping Cart Template","serverPageId":null,"sectionCount":1,"status":2,"backwardUrl":null},{"id":13869978,"title":"Checkout Template","order":6,"templateKey":"checkout","customTemplate":false,"customTemplateFilename":null,"pageLinks":[],"dateCreated":"2025-04-30T18:38:38.578Z","dateUpdated":"2025-04-30T18:38:39.373Z","folderId":null,"pageName":"Checkout Template","serverPageId":null,"sectionCount":1,"status":2,"backwardUrl":null},{"id":146309343,"title":"Login Template","order":7,"templateKey":"login","customTemplate":false,"customTemplateFilename":null,"pageLinks":[],"dateCreated":"2025-04-30T18:38:38.686Z","dateUpdated":"2025-04-30T18:38:39.373Z","folderId":null,"pageName":"Login Template","serverPageId":null,"sectionCount":1,"status":2,"backwardUrl":null},{"id":86873269,"title":"Page Password Template","order":8,"templateKey":"password","customTemplate":false,"customTemplateFilename":null,"pageLinks":[],"dateCreated":"2025-04-30T18:38:38.756Z","dateUpdated":"2025-04-30T18:38:39.373Z","folderId":null,"pageName":"Page Password Template","serverPageId":null,"sectionCount":1,"status":2,"backwardUrl":null},{"id":4883957,"title":"404 Not Found Template","order":9,"templateKey":"404","customTemplate":false,"customTemplateFilename":null,"pageLinks":[],"dateCreated":"2025-04-30T18:38:38.821Z","dateUpdated":"2025-04-30T18:38:39.374Z","folderId":null,"pageName":"404 Not Found Template","serverPageId":null,"sectionCount":1,"status":2,"backwardUrl":null},{"id":106924427,"title":"Thank You Page Template","order":10,"templateKey":"ThankYou","customTemplate":false,"customTemplateFilename":null,"pageLinks":[],"dateCreated":"2025-04-30T18:38:38.892Z","dateUpdated":"2025-04-30T18:38:39.374Z","folderId":null,"pageName":"Thank You Page Template","serverPageId":null,"sectionCount":1,"status":2,"backwardUrl":null},{"id":69128003,"title":"About","order":100,"templateKey":null,"customTemplate":false,"customTemplateFilename":null,"pageLinks":[],"dateCreated":"2025-04-30T18:38:38.945Z","dateUpdated":"2025-04-30T18:38:39.374Z","folderId":null,"pageName":"About_69128003","serverPageId":null,"sectionCount":1,"status":2,"backwardUrl":null},{"id":902518189,"title":"Contact","order":101,"templateKey":null,"customTemplate":false,"customTemplateFilename":null,"pageLinks":[],"dateCreated":"2025-04-30T18:38:38.976Z","dateUpdated":"2025-04-30T18:38:39.374Z","folderId":null,"pageName":"Contact_902518189","serverPageId":null,"sectionCount":1,"status":2,"backwardUrl":null}]
