[{"id":"user-file-ThirdGradeLeopard_first8x10.pdf","fileName":"ThirdGradeLeopard_first8x10.pdf","name":"ThirdGradeLeopard_first8x10","publicUrl":"np://user.desktop.nicepage.com/Site_3065314163/files/ThirdGradeLeopard_first8x10.pdf","size":1683800},{"id":"user-file-farmbuddy-catalog-naturals-27-2-22_compressed.pdf","fileName":"farmbuddy-catalog-naturals-27-2-22_compressed.pdf","name":"farmbuddy-catalog-naturals-27-2-22_compressed","publicUrl":"np://user.desktop.nicepage.com/Site_3065314163/files/farmbuddy-catalog-naturals-27-2-22_compressed.pdf","size":2088509},{"id":"user-file-newfarmbuddycatalognaturalsnewlogo.pdf","fileName":"newfarmbuddycatalognaturalsnewlogo.pdf","name":"newfarmbuddycatalognaturalsnewlogo","publicUrl":"np://user.desktop.nicepage.com/Site_3065314163/files/newfarmbuddycatalognaturalsnewlogo.pdf","size":7592660},{"id":"user-file-FarmbuddyNaturalscatalog.pdf","fileName":"FarmbuddyNaturalscatalog.pdf","name":"FarmbuddyNaturalscatalog","publicUrl":"np://user.desktop.nicepage.com/Site_3065314163/files/FarmbuddyNaturalscatalog.pdf","size":7573273}]
