[{"id":"user-image-him-ginger-nut-facts.jpg","publicUrl":"np://user.desktop.nicepage.com/Site_3065314163/images/him-ginger-nut-facts.jpg","size":1976776,"hash":"UWV91FDwggrcbaxvIyBm+3RsHA8=","fileName":"him-ginger-nut-facts.jpg","name":"him-ginger-nut-facts","width":1420,"height":2237,"thumbnail":{"url":"np://user.desktop.nicepage.com/Site_3065314163/images/thumbnails/him-ginger-nut-facts.jpg","width":159,"height":250},"folderId":null,"usages":["115686407"]},{"id":"user-image-tulsi-nut-facts.jpg","publicUrl":"np://user.desktop.nicepage.com/Site_3065314163/images/tulsi-nut-facts.jpg","size":2032105,"hash":"Yl6IMkllKbwKCPBNvF8bDNxRVR0=","fileName":"tulsi-nut-facts.jpg","name":"tulsi-nut-facts","width":1388,"height":2273,"thumbnail":{"url":"np://user.desktop.nicepage.com/Site_3065314163/images/thumbnails/tulsi-nut-facts.jpg","width":153,"height":250},"folderId":null,"usages":["115686407"]},{"id":"user-image-himalan-cinnamon-nut-facts.jpg","publicUrl":"np://user.desktop.nicepage.com/Site_3065314163/images/himalan-cinnamon-nut-facts.jpg","size":1631255,"hash":"+Ex4Qs7wZzXOHaFL9dLXMYlzO7E=","fileName":"himalan-cinnamon-nut-facts.jpg","name":"himalan-cinnamon-nut-facts","width":1403,"height":2242,"thumbnail":{"url":"np://user.desktop.nicepage.com/Site_3065314163/images/thumbnails/himalan-cinnamon-nut-facts.jpg","width":156,"height":250},"folderId":null,"usages":["115686407"]},{"id":"user-image-300_ml_ginger_in_himalayan_honey_exim_mockup_new_logo-removebg-preview.png","publicUrl":"np://user.desktop.nicepage.com/Site_3065314163/images/300_ml_ginger_in_himalayan_honey_exim_mockup_new_logo-removebg-preview.png","size":369893,"hash":"IUYE8QHDrB+A0qDZzTSxmOKtsAg=","fileName":"300_ml_ginger_in_himalayan_honey_exim_mockup_new_logo-removebg-preview.png","name":"300_ml_ginger_in_himalayan_honey_exim_mockup_new_logo-removebg-preview","width":421,"height":592,"thumbnail":{"url":"np://user.desktop.nicepage.com/Site_3065314163/images/thumbnails/300_ml_ginger_in_himalayan_honey_exim_mockup_new_logo-removebg-preview.png","width":178,"height":250},"folderId":null,"usages":["115686407","70934435"]},{"id":"user-image-300_ml_ginger_in_tulsi_honey_exim_mockup_new_logo-removebg-preview.png","publicUrl":"np://user.desktop.nicepage.com/Site_3065314163/images/300_ml_ginger_in_tulsi_honey_exim_mockup_new_logo-removebg-preview.png","size":391774,"hash":"rlkZzMM9rIJ9QPoiymMTmc3/77c=","fileName":"300_ml_ginger_in_tulsi_honey_exim_mockup_new_logo-removebg-preview.png","name":"300_ml_ginger_in_tulsi_honey_exim_mockup_new_logo-removebg-preview","width":421,"height":592,"thumbnail":{"url":"np://user.desktop.nicepage.com/Site_3065314163/images/thumbnails/300_ml_ginger_in_tulsi_honey_exim_mockup_new_logo-removebg-preview.png","width":178,"height":250},"folderId":null,"usages":["115686407","70934435"]},{"id":"user-image-300_ml_cinnamon_in_himalayan_honey_exim_mockup_new_logo-removebg-preview.png","publicUrl":"np://user.desktop.nicepage.com/Site_3065314163/images/300_ml_cinnamon_in_himalayan_honey_exim_mockup_new_logo-removebg-preview.png","size":361368,"hash":"WVTsdMOzCRCti5jNatj0w6+Yt1I=","fileName":"300_ml_cinnamon_in_himalayan_honey_exim_mockup_new_logo-removebg-preview.png","name":"300_ml_cinnamon_in_himalayan_honey_exim_mockup_new_logo-removebg-preview","width":421,"height":592,"thumbnail":{"url":"np://user.desktop.nicepage.com/Site_3065314163/images/thumbnails/300_ml_cinnamon_in_himalayan_honey_exim_mockup_new_logo-removebg-preview.png","width":178,"height":250},"folderId":null,"usages":["115686407","70934435"]},{"id":"user-image-300mlgingerintulsihoneyeximmockupnewlogo.jpg","publicUrl":"np://user.desktop.nicepage.com/Site_3065314163/images/300mlgingerintulsihoneyeximmockupnewlogo.jpg","size":1850679,"hash":"YQb6QuzjehScnKLMU+lcklJAfQg=","fileName":"300mlgingerintulsihoneyeximmockupnewlogo.jpg","name":"300mlgingerintulsihoneyeximmockupnewlogo","width":1296,"height":1820,"thumbnail":{"url":"np://user.desktop.nicepage.com/Site_3065314163/images/thumbnails/300mlgingerintulsihoneyeximmockupnewlogo.jpg","width":178,"height":250},"folderId":null,"usages":[]},{"id":"user-image-newlogofarmbuddynaturals_tr.png","publicUrl":"np://user.desktop.nicepage.com/Site_3065314163/images/newlogofarmbuddynaturals_tr.png","size":46988,"hash":"NQeMSMONYYqzaMohHOhsNvUhguo=","fileName":"newlogofarmbuddynaturals_tr.png","name":"newlogofarmbuddynaturals_tr","width":464,"height":364,"thumbnail":{"url":"np://user.desktop.nicepage.com/Site_3065314163/images/thumbnails/newlogofarmbuddynaturals_tr.png","width":250,"height":196},"folderId":null,"usages":[]},{"id":"user-image-Nutrition-facts-him-cinnamon.png","publicUrl":"np://user.desktop.nicepage.com/Site_3065314163/images/Nutrition-facts-him-cinnamon.png","size":1616674,"hash":"hjav6thSCp1PN5EXsnmo8nNhX7M=","fileName":"Nutrition-facts-him-cinnamon.png","name":"Nutrition-facts-him-cinnamon","width":1200,"height":1467,"thumbnail":{"url":"np://user.desktop.nicepage.com/Site_3065314163/images/thumbnails/Nutrition-facts-him-cinnamon.png","width":204,"height":250},"folderId":null,"usages":[]},{"id":"user-image-collected-from-him-cinnamon.png","publicUrl":"np://user.desktop.nicepage.com/Site_3065314163/images/collected-from-him-cinnamon.png","size":414659,"hash":"xep1hFE2gNaPXF/kWThT+JAEThQ=","fileName":"collected-from-him-cinnamon.png","name":"collected-from-him-cinnamon","width":1096,"height":731,"thumbnail":{"url":"np://user.desktop.nicepage.com/Site_3065314163/images/thumbnails/collected-from-him-cinnamon.png","width":250,"height":167},"folderId":null,"usages":["115686407"]},{"id":"user-image-Nutrition-facts-him-ginger.png","publicUrl":"np://user.desktop.nicepage.com/Site_3065314163/images/Nutrition-facts-him-ginger.png","size":1478120,"hash":"47yiLZQKdzlzAiVZEp3OufwWEIU=","fileName":"Nutrition-facts-him-ginger.png","name":"Nutrition-facts-him-ginger","width":1149,"height":1482,"thumbnail":{"url":"np://user.desktop.nicepage.com/Site_3065314163/images/thumbnails/Nutrition-facts-him-ginger.png","width":194,"height":250},"folderId":null,"usages":[]},{"id":"user-image-Collected-from-himalayan-ginger.png","publicUrl":"np://user.desktop.nicepage.com/Site_3065314163/images/Collected-from-himalayan-ginger.png","size":357812,"hash":"v2EMQMoW5DjmjHeQUaeZ3+0jy44=","fileName":"Collected-from-himalayan-ginger.png","name":"Collected-from-himalayan-ginger","width":1158,"height":741,"thumbnail":{"url":"np://user.desktop.nicepage.com/Site_3065314163/images/thumbnails/Collected-from-himalayan-ginger.png","width":250,"height":160},"folderId":null,"usages":["115686407"]},{"id":"user-image-Collected-here-tulsi.png","publicUrl":"np://user.desktop.nicepage.com/Site_3065314163/images/Collected-here-tulsi.png","size":459557,"hash":"wdYlP1yyyJiP4JnjEyBdLD+Ah/4=","fileName":"Collected-here-tulsi.png","name":"Collected-here-tulsi","width":1156,"height":777,"thumbnail":{"url":"np://user.desktop.nicepage.com/Site_3065314163/images/thumbnails/Collected-here-tulsi.png","width":250,"height":168},"folderId":null,"usages":["115686407"]},{"id":"user-image-Nutrition-facts-tulsi.jpg","publicUrl":"np://user.desktop.nicepage.com/Site_3065314163/images/Nutrition-facts-tulsi.jpg","size":482427,"hash":"4PhPUiMnx2f/lDf/gs40EJaq6V0=","fileName":"Nutrition-facts-tulsi.jpg","name":"Nutrition-facts-tulsi","width":1246,"height":1536,"thumbnail":{"url":"np://user.desktop.nicepage.com/Site_3065314163/images/thumbnails/Nutrition-facts-tulsi.jpg","width":203,"height":250},"folderId":null,"usages":[]},{"id":"user-image-farmbuddy_natural_new_logo-removebg-preview.png","publicUrl":"np://user.desktop.nicepage.com/Site_3065314163/images/farmbuddy_natural_new_logo-removebg-preview.png","size":148099,"hash":"3mH/lKoe2qo35maSi036IWj0hu8=","fileName":"farmbuddy_natural_new_logo-removebg-preview.png","name":"farmbuddy_natural_new_logo-removebg-preview","width":577,"height":433,"thumbnail":{"url":"np://user.desktop.nicepage.com/Site_3065314163/images/thumbnails/farmbuddy_natural_new_logo-removebg-preview.png","width":250,"height":188},"folderId":null,"usages":["70934435"]},{"id":"user-image-farmbuddynaturalnewlogo.jpg","publicUrl":"np://user.desktop.nicepage.com/Site_3065314163/images/farmbuddynaturalnewlogo.jpg","size":159582,"hash":"t4pcOnrBdK8+vLRpYDHt3pmSsdI=","fileName":"farmbuddynaturalnewlogo.jpg","name":"farmbuddynaturalnewlogo","width":641,"height":481,"thumbnail":{"url":"np://user.desktop.nicepage.com/Site_3065314163/images/thumbnails/farmbuddynaturalnewlogo.jpg","width":250,"height":188},"folderId":null,"usages":[]},{"id":"user-image-farmbuddynaturalnewlogobk.jpg","publicUrl":"np://user.desktop.nicepage.com/Site_3065314163/images/farmbuddynaturalnewlogobk.jpg","size":37067,"hash":"zcEC55TQDVB0CJK6xlcI1qLgll0=","fileName":"farmbuddynaturalnewlogobk.jpg","name":"farmbuddynaturalnewlogobk","width":641,"height":481,"thumbnail":{"url":"np://user.desktop.nicepage.com/Site_3065314163/images/thumbnails/farmbuddynaturalnewlogobk.jpg","width":250,"height":188},"folderId":null,"usages":[]},{"id":"user-image-300mlgingerintulsihoneyeximmockupnewlogo-nobg.png","publicUrl":"np://user.desktop.nicepage.com/Site_3065314163/images/300mlgingerintulsihoneyeximmockupnewlogo-nobg.png","size":3319620,"hash":"r6o2ev1fvSQl/m4Xp4hbGXVtlkU=","fileName":"300mlgingerintulsihoneyeximmockupnewlogo-nobg.png","name":"300mlgingerintulsihoneyeximmockupnewlogo-nobg","width":1499,"height":2106,"thumbnail":{"url":"np://user.desktop.nicepage.com/Site_3065314163/images/thumbnails/300mlgingerintulsihoneyeximmockupnewlogo-nobg.png","width":178,"height":250},"folderId":null,"usages":[]},{"id":"user-image-300mlgingerinhimalayanhoneyeximmockupnewlogo-copy-nobg.png","publicUrl":"np://user.desktop.nicepage.com/Site_3065314163/images/300mlgingerinhimalayanhoneyeximmockupnewlogo-copy-nobg.png","size":3125160,"hash":"nSF3JuNCDflWACYHiBDw45QW7xo=","fileName":"300mlgingerinhimalayanhoneyeximmockupnewlogo-copy-nobg.png","name":"300mlgingerinhimalayanhoneyeximmockupnewlogo-copy-nobg","width":1499,"height":2106,"thumbnail":{"url":"np://user.desktop.nicepage.com/Site_3065314163/images/thumbnails/300mlgingerinhimalayanhoneyeximmockupnewlogo-copy-nobg.png","width":178,"height":250},"folderId":null,"usages":[]},{"id":"user-image-300_ml_cinnamon_in_himalayan_honey_exim_mockup_new_logo-nobg-small-removebg-preview.png","publicUrl":"np://user.desktop.nicepage.com/Site_3065314163/images/300_ml_cinnamon_in_himalayan_honey_exim_mockup_new_logo-nobg-small-removebg-preview.png","size":362198,"hash":"5hl4briFj/J2PL/J7FyH4LAyP2Q=","fileName":"300_ml_cinnamon_in_himalayan_honey_exim_mockup_new_logo-nobg-small-removebg-preview.png","name":"300_ml_cinnamon_in_himalayan_honey_exim_mockup_new_logo-nobg-small-removebg-preview","width":421,"height":592,"thumbnail":{"url":"np://user.desktop.nicepage.com/Site_3065314163/images/thumbnails/300_ml_cinnamon_in_himalayan_honey_exim_mockup_new_logo-nobg-small-removebg-preview.png","width":178,"height":250},"folderId":null,"usages":[]},{"id":"user-image-websitephotos7.jpg","publicUrl":"np://user.desktop.nicepage.com/Site_3065314163/images/websitephotos7.jpg","size":4202575,"hash":"J6niNkW0/ThL9/+LNxy8HaOosl4=","fileName":"websitephotos7.jpg","name":"websitephotos7","width":6720,"height":4480,"thumbnail":{"url":"np://user.desktop.nicepage.com/Site_3065314163/images/thumbnails/websitephotos7.jpg","width":250,"height":167},"folderId":null,"usages":[]},{"id":"user-image-websitephotos4.png","publicUrl":"np://user.desktop.nicepage.com/Site_3065314163/images/websitephotos4.png","size":3319780,"hash":"ryUt2nPBelvzPZIapTfcK9dx6UI=","fileName":"websitephotos4.png","name":"websitephotos4","width":2498,"height":2375,"thumbnail":{"url":"np://user.desktop.nicepage.com/Site_3065314163/images/thumbnails/websitephotos4.png","width":250,"height":238},"folderId":null,"usages":[]},{"id":"user-image-websitephotos8.png","publicUrl":"np://user.desktop.nicepage.com/Site_3065314163/images/websitephotos8.png","size":880552,"hash":"/RS5YPlLq9OGeUnT9NeCyLoUTzs=","fileName":"websitephotos8.png","name":"websitephotos8","width":1800,"height":1951,"thumbnail":{"url":"np://user.desktop.nicepage.com/Site_3065314163/images/thumbnails/websitephotos8.png","width":231,"height":250},"folderId":null,"usages":[]},{"id":"user-image-websitephotos3.jpg","publicUrl":"np://user.desktop.nicepage.com/Site_3065314163/images/websitephotos3.jpg","size":527496,"hash":"22ujbZC6axIyVXFbZRd/MiyqXFI=","fileName":"websitephotos3.jpg","name":"websitephotos3","width":1800,"height":3600,"thumbnail":{"url":"np://user.desktop.nicepage.com/Site_3065314163/images/thumbnails/websitephotos3.jpg","width":125,"height":250},"folderId":null,"usages":[]},{"id":"user-image-websitephotos5.png","publicUrl":"np://user.desktop.nicepage.com/Site_3065314163/images/websitephotos5.png","size":86328,"hash":"zEI9g12wVeLM57hPzJtq6xhifxk=","fileName":"websitephotos5.png","name":"websitephotos5","width":1071,"height":382,"thumbnail":{"url":"np://user.desktop.nicepage.com/Site_3065314163/images/thumbnails/websitephotos5.png","width":250,"height":89},"folderId":null,"usages":[]},{"id":"user-image-websitephotos2.png","publicUrl":"np://user.desktop.nicepage.com/Site_3065314163/images/websitephotos2.png","size":255762,"hash":"Nohc1qyAzls6LRj4VG37CncQ+DA=","fileName":"websitephotos2.png","name":"websitephotos2","width":944,"height":1660,"thumbnail":{"url":"np://user.desktop.nicepage.com/Site_3065314163/images/thumbnails/websitephotos2.png","width":142,"height":250},"folderId":null,"usages":[]},{"id":"user-image-websitephotos4.jpg","publicUrl":"np://user.desktop.nicepage.com/Site_3065314163/images/websitephotos4.jpg","size":109225,"hash":"g/wDS0ZS1yD6tFquCw+OH45vdho=","fileName":"websitephotos4.jpg","name":"websitephotos4","width":1801,"height":3600,"thumbnail":{"url":"np://user.desktop.nicepage.com/Site_3065314163/images/thumbnails/websitephotos4.jpg","width":125,"height":250},"folderId":null,"usages":[]},{"id":"user-image-websitephotos6.png","publicUrl":"np://user.desktop.nicepage.com/Site_3065314163/images/websitephotos6.png","size":234479,"hash":"E9HZRmUtdcLiCreaTn3ADAeKdmA=","fileName":"websitephotos6.png","name":"websitephotos6","width":1784,"height":1167,"thumbnail":{"url":"np://user.desktop.nicepage.com/Site_3065314163/images/thumbnails/websitephotos6.png","width":250,"height":164},"folderId":null,"usages":[]},{"id":"user-image-websitephotos.png","publicUrl":"np://user.desktop.nicepage.com/Site_3065314163/images/websitephotos.png","size":143076,"hash":"8sV43jVmdb7om8cG+YmHZuwhL+U=","fileName":"websitephotos.png","name":"websitephotos","width":1800,"height":844,"thumbnail":{"url":"np://user.desktop.nicepage.com/Site_3065314163/images/thumbnails/websitephotos.png","width":250,"height":117},"folderId":null,"usages":[]},{"id":"user-image-C-India-Web-650x650.png","publicUrl":"np://user.desktop.nicepage.com/Site_3065314163/images/C-India-Web-650x650.png","size":118472,"hash":"tLXnztrhySssUBWw9cklqgtBkXc=","fileName":"C-India-Web-650x650.png","name":"C-India-Web-650x650","width":650,"height":650,"thumbnail":{"url":"np://user.desktop.nicepage.com/Site_3065314163/images/thumbnails/C-India-Web-650x650.png","width":250,"height":250},"folderId":null,"usages":[]},{"id":"user-image-Tulsi-Country.png","publicUrl":"np://user.desktop.nicepage.com/Site_3065314163/images/Tulsi-Country.png","size":40362,"hash":"akAed1+qrVpcu1P1gt7RktiTylA=","fileName":"Tulsi-Country.png","name":"Tulsi-Country","width":538,"height":557,"thumbnail":{"url":"np://user.desktop.nicepage.com/Site_3065314163/images/thumbnails/Tulsi-Country.png","width":241,"height":250},"folderId":null,"usages":[]},{"id":"user-image-Raw-Honey-Country-300x300.png","publicUrl":"np://user.desktop.nicepage.com/Site_3065314163/images/Raw-Honey-Country-300x300.png","size":27432,"hash":"WJeGwOUGMHxJean7OinAUsA9DKg=","fileName":"Raw-Honey-Country-300x300.png","name":"Raw-Honey-Country-300x300","width":300,"height":300,"thumbnail":{"url":"np://user.desktop.nicepage.com/Site_3065314163/images/thumbnails/Raw-Honey-Country-300x300.png","width":250,"height":250},"folderId":null,"usages":[]},{"id":"user-image-C-Nutr-Web-650x650.png","publicUrl":"np://user.desktop.nicepage.com/Site_3065314163/images/C-Nutr-Web-650x650.png","size":250368,"hash":"MJ3lDbjj1rMIkEKzPCeY3Wd/Dwg=","fileName":"C-Nutr-Web-650x650.png","name":"C-Nutr-Web-650x650","width":650,"height":650,"thumbnail":{"url":"np://user.desktop.nicepage.com/Site_3065314163/images/thumbnails/C-Nutr-Web-650x650.png","width":250,"height":250},"folderId":null,"usages":[]},{"id":"user-image-C-Desc-Webpng-650x650.png","publicUrl":"np://user.desktop.nicepage.com/Site_3065314163/images/C-Desc-Webpng-650x650.png","size":177698,"hash":"JaxnJTx8FjtH60HTJynC5i7zYhA=","fileName":"C-Desc-Webpng-650x650.png","name":"C-Desc-Webpng-650x650","width":650,"height":650,"thumbnail":{"url":"np://user.desktop.nicepage.com/Site_3065314163/images/thumbnails/C-Desc-Webpng-650x650.png","width":250,"height":250},"folderId":null,"usages":[]},{"id":"user-image-Sunflower-Country-300x300.png","publicUrl":"np://user.desktop.nicepage.com/Site_3065314163/images/Sunflower-Country-300x300.png","size":27090,"hash":"S1W+YzbSYxHmTH6SKX8oQC1Opp8=","fileName":"Sunflower-Country-300x300.png","name":"Sunflower-Country-300x300","width":300,"height":300,"thumbnail":{"url":"np://user.desktop.nicepage.com/Site_3065314163/images/thumbnails/Sunflower-Country-300x300.png","width":250,"height":250},"folderId":null,"usages":[]},{"id":"user-image-Screenshot_2023-11-07_at_4.03.30_PM-removebg-preview.png","publicUrl":"np://user.desktop.nicepage.com/Site_3065314163/images/Screenshot_2023-11-07_at_4.03.30_PM-removebg-preview.png","size":6237,"hash":"CPV+VW//8FA5kIE+L/yGvzaEW/Y=","fileName":"Screenshot_2023-11-07_at_4.03.30_PM-removebg-preview.png","name":"Screenshot_2023-11-07_at_4.03.30_PM-removebg-preview","width":134,"height":132,"thumbnail":{"url":"np://user.desktop.nicepage.com/Site_3065314163/images/thumbnails/Screenshot_2023-11-07_at_4.03.30_PM-removebg-preview.png","width":134,"height":132,"length":6237,"type":"png"},"folderId":null,"usages":["1686415624"]},{"id":"user-image-Screenshot_2023-11-07_at_4.03.16_PM-removebg-preview.png","publicUrl":"np://user.desktop.nicepage.com/Site_3065314163/images/Screenshot_2023-11-07_at_4.03.16_PM-removebg-preview.png","size":8879,"hash":"65Inlhiay94TuwdCePPqEEr0wjo=","fileName":"Screenshot_2023-11-07_at_4.03.16_PM-removebg-preview.png","name":"Screenshot_2023-11-07_at_4.03.16_PM-removebg-preview","width":134,"height":126,"thumbnail":{"url":"np://user.desktop.nicepage.com/Site_3065314163/images/thumbnails/Screenshot_2023-11-07_at_4.03.16_PM-removebg-preview.png","width":134,"height":126,"length":8879,"type":"png"},"folderId":null,"usages":["1686415624"]},{"id":"user-image-Screenshot_2023-11-07_at_4.03.26_PM-removebg-preview.png","publicUrl":"np://user.desktop.nicepage.com/Site_3065314163/images/Screenshot_2023-11-07_at_4.03.26_PM-removebg-preview.png","size":8258,"hash":"X+JsDHWR2mvKxY7vNwTaDZMvfoo=","fileName":"Screenshot_2023-11-07_at_4.03.26_PM-removebg-preview.png","name":"Screenshot_2023-11-07_at_4.03.26_PM-removebg-preview","width":136,"height":130,"thumbnail":{"url":"np://user.desktop.nicepage.com/Site_3065314163/images/thumbnails/Screenshot_2023-11-07_at_4.03.26_PM-removebg-preview.png","width":136,"height":130,"length":8258,"type":"png"},"folderId":null,"usages":["1686415624"]},{"id":"user-image-Screenshot_2023-11-07_at_4.23.05_PM-removebg-preview.png","publicUrl":"np://user.desktop.nicepage.com/Site_3065314163/images/Screenshot_2023-11-07_at_4.23.05_PM-removebg-preview.png","size":7764,"hash":"dTucNuVbfqkJhkcR/QqBEK4y8Q8=","fileName":"Screenshot_2023-11-07_at_4.23.05_PM-removebg-preview.png","name":"Screenshot_2023-11-07_at_4.23.05_PM-removebg-preview","width":158,"height":136,"thumbnail":{"url":"np://user.desktop.nicepage.com/Site_3065314163/images/thumbnails/Screenshot_2023-11-07_at_4.23.05_PM-removebg-preview.png","width":158,"height":136,"length":7764,"type":"png"},"folderId":null,"usages":["1686415624"]},{"id":"user-image-Screenshot_2023-11-07_at_4.03.11_PM-removebg-preview.png","publicUrl":"np://user.desktop.nicepage.com/Site_3065314163/images/Screenshot_2023-11-07_at_4.03.11_PM-removebg-preview.png","size":8942,"hash":"cLUbPizG6QYNXueX44xE7mWdCf8=","fileName":"Screenshot_2023-11-07_at_4.03.11_PM-removebg-preview.png","name":"Screenshot_2023-11-07_at_4.03.11_PM-removebg-preview","width":110,"height":130,"thumbnail":{"url":"np://user.desktop.nicepage.com/Site_3065314163/images/thumbnails/Screenshot_2023-11-07_at_4.03.11_PM-removebg-preview.png","width":110,"height":130,"length":8942,"type":"png"},"folderId":null,"usages":[]},{"id":"user-image-Screenshot2023-11-07at4.03.22PM.png","publicUrl":"np://user.desktop.nicepage.com/Site_3065314163/images/Screenshot2023-11-07at4.03.22PM.png","size":8082,"hash":"VEzICLdsRTp3QvkU4RFORJaf4AQ=","fileName":"Screenshot2023-11-07at4.03.22PM.png","name":"Screenshot2023-11-07at4.03.22PM","width":136,"height":118,"thumbnail":{"url":"np://user.desktop.nicepage.com/Site_3065314163/images/thumbnails/Screenshot2023-11-07at4.03.22PM.png","width":136,"height":118,"length":8082,"type":"png"},"folderId":null,"usages":[]},{"id":"user-image-Screenshot2023-11-07at4.03.11PM.png","publicUrl":"np://user.desktop.nicepage.com/Site_3065314163/images/Screenshot2023-11-07at4.03.11PM.png","size":9260,"hash":"EP/LV9ShwTWzRloDjcTzId1WUfo=","fileName":"Screenshot2023-11-07at4.03.11PM.png","name":"Screenshot2023-11-07at4.03.11PM","width":110,"height":130,"thumbnail":{"url":"np://user.desktop.nicepage.com/Site_3065314163/images/thumbnails/Screenshot2023-11-07at4.03.11PM.png","width":110,"height":130,"length":9260,"type":"png"},"folderId":null,"usages":[]},{"id":"user-image-Screenshot2023-11-07at4.03.30PM.png","publicUrl":"np://user.desktop.nicepage.com/Site_3065314163/images/Screenshot2023-11-07at4.03.30PM.png","size":6888,"hash":"SaYlDu/4cQh/RXMVs5/xeHLVXMg=","fileName":"Screenshot2023-11-07at4.03.30PM.png","name":"Screenshot2023-11-07at4.03.30PM","width":134,"height":132,"thumbnail":{"url":"np://user.desktop.nicepage.com/Site_3065314163/images/thumbnails/Screenshot2023-11-07at4.03.30PM.png","width":134,"height":132,"length":6888,"type":"png"},"folderId":null,"usages":[]},{"id":"user-image-Screenshot2023-11-07at4.03.26PM.png","publicUrl":"np://user.desktop.nicepage.com/Site_3065314163/images/Screenshot2023-11-07at4.03.26PM.png","size":8213,"hash":"jLD5rC/jbAnkZotWfPKZ9PI8brI=","fileName":"Screenshot2023-11-07at4.03.26PM.png","name":"Screenshot2023-11-07at4.03.26PM","width":136,"height":130,"thumbnail":{"url":"np://user.desktop.nicepage.com/Site_3065314163/images/thumbnails/Screenshot2023-11-07at4.03.26PM.png","width":136,"height":130,"length":8213,"type":"png"},"folderId":null,"usages":[]},{"id":"user-image-Screenshot2023-11-07at4.03.16PM.png","publicUrl":"np://user.desktop.nicepage.com/Site_3065314163/images/Screenshot2023-11-07at4.03.16PM.png","size":9157,"hash":"wOiPINWNSMIpFBfVeAGswT1cS4k=","fileName":"Screenshot2023-11-07at4.03.16PM.png","name":"Screenshot2023-11-07at4.03.16PM","width":134,"height":126,"thumbnail":{"url":"np://user.desktop.nicepage.com/Site_3065314163/images/thumbnails/Screenshot2023-11-07at4.03.16PM.png","width":134,"height":126,"length":9157,"type":"png"},"folderId":null,"usages":[]},{"id":"user-image-Abhay-web-4-e1646542931980.jpg","publicUrl":"np://user.desktop.nicepage.com/Site_3065314163/images/Abhay-web-4-e1646542931980.jpg","size":83135,"hash":"awFwGZe5fDBbbNSwWFY1pAYNraI=","fileName":"Abhay-web-4-e1646542931980.jpg","name":"Abhay-web-4-e1646542931980","width":390,"height":654,"thumbnail":{"url":"np://user.desktop.nicepage.com/Site_3065314163/images/thumbnails/Abhay-web-4-e1646542931980.jpg","width":149,"height":250},"folderId":null,"usages":[]},{"id":"user-image-Shri-Web.jpg","publicUrl":"np://user.desktop.nicepage.com/Site_3065314163/images/Shri-Web.jpg","size":74601,"hash":"1FRacCtlh0be5wf65eV6qsF/7vI=","fileName":"Shri-Web.jpg","name":"Shri-Web","width":520,"height":694,"thumbnail":{"url":"np://user.desktop.nicepage.com/Site_3065314163/images/thumbnails/Shri-Web.jpg","width":187,"height":250},"folderId":null,"usages":[]},{"id":"user-image-Sanket-Web.jpg","publicUrl":"np://user.desktop.nicepage.com/Site_3065314163/images/Sanket-Web.jpg","size":221901,"hash":"mPOeZl1IGOSZOv+dx8eSgZoApfU=","fileName":"Sanket-Web.jpg","name":"Sanket-Web","width":650,"height":867,"thumbnail":{"url":"np://user.desktop.nicepage.com/Site_3065314163/images/thumbnails/Sanket-Web.jpg","width":187,"height":250},"folderId":null,"usages":[]},{"id":"user-image-tyry.jpg","publicUrl":"np://user.desktop.nicepage.com/Site_3065314163/images/tyry.jpg","size":91194,"hash":"3PESsQtEL6pzd9CZHfLuihM98Zo=","fileName":"tyry.jpg","name":"tyry","width":700,"height":863,"thumbnail":{"url":"np://user.desktop.nicepage.com/Site_3065314163/images/thumbnails/tyry.jpg","width":203,"height":250},"folderId":null,"originalUrl":"https://assets.nicepagecdn.com/d2cc3eaa/324073/images/tyry.jpg","usages":[]},{"id":"user-image-tuyty.jpg","publicUrl":"np://user.desktop.nicepage.com/Site_3065314163/images/tuyty.jpg","size":137833,"hash":"VHiUOOQ5h4I7WNqo/YKrVmaH//8=","fileName":"tuyty.jpg","name":"tuyty","width":700,"height":863,"thumbnail":{"url":"np://user.desktop.nicepage.com/Site_3065314163/images/thumbnails/tuyty.jpg","width":203,"height":250},"folderId":null,"originalUrl":"https://assets.nicepagecdn.com/d2cc3eaa/324073/images/tuyty.jpg","usages":[]},{"id":"user-image-5674.jpg","publicUrl":"np://user.desktop.nicepage.com/Site_3065314163/images/5674.jpg","size":139601,"hash":"cS0Gzx9TX/S9pZVQK/KXc32+ckY=","fileName":"5674.jpg","name":"5674","width":700,"height":863,"thumbnail":{"url":"np://user.desktop.nicepage.com/Site_3065314163/images/thumbnails/5674.jpg","width":203,"height":250},"folderId":null,"originalUrl":"https://assets.nicepagecdn.com/d2cc3eaa/324073/images/5674.jpg","usages":[]},{"id":"user-image-67777.jpg","publicUrl":"np://user.desktop.nicepage.com/Site_3065314163/images/67777.jpg","size":109778,"hash":"VuS/ELNCQOopZvLfACdOsByv6VM=","fileName":"67777.jpg","name":"67777","width":700,"height":863,"thumbnail":{"url":"np://user.desktop.nicepage.com/Site_3065314163/images/thumbnails/67777.jpg","width":203,"height":250},"folderId":null,"originalUrl":"https://assets.nicepagecdn.com/d2cc3eaa/324073/images/67777.jpg","usages":[]},{"id":"user-image-5464.jpg","publicUrl":"np://user.desktop.nicepage.com/Site_3065314163/images/5464.jpg","size":104811,"hash":"KgYj2stUbRqkwsZrlV0Q7dLdnzk=","fileName":"5464.jpg","name":"5464","width":700,"height":863,"thumbnail":{"url":"np://user.desktop.nicepage.com/Site_3065314163/images/thumbnails/5464.jpg","width":203,"height":250},"folderId":null,"originalUrl":"https://assets.nicepagecdn.com/d2cc3eaa/324073/images/5464.jpg","usages":[]},{"id":"user-image-43534.jpg","publicUrl":"np://user.desktop.nicepage.com/Site_3065314163/images/43534.jpg","size":74545,"hash":"0QhFMKMkHfSwkPeEhdG2rfwkGjk=","fileName":"43534.jpg","name":"43534","width":700,"height":863,"thumbnail":{"url":"np://user.desktop.nicepage.com/Site_3065314163/images/thumbnails/43534.jpg","width":203,"height":250},"folderId":null,"originalUrl":"https://assets.nicepagecdn.com/d2cc3eaa/324073/images/43534.jpg","usages":[]},{"id":"user-image-fsr.jpg","publicUrl":"np://user.desktop.nicepage.com/Site_3065314163/images/fsr.jpg","size":47095,"hash":"I0OXXhN+QwIdqnukOhuSjcW/6W4=","fileName":"fsr.jpg","name":"fsr","width":626,"height":417,"thumbnail":{"url":"np://user.desktop.nicepage.com/Site_3065314163/images/thumbnails/fsr.jpg","width":250,"height":167},"folderId":null,"originalUrl":"//images01.nicepagecdn.com/c461c07a441a5d220e8feb1a/24c300c9627254aabe43dd21/fsr.jpg","usages":[]},{"id":"user-image-ds.jpg","publicUrl":"np://user.desktop.nicepage.com/Site_3065314163/images/ds.jpg","size":13507,"hash":"AV+5JsaoGYSy2MUgijWIkgt+0/g=","fileName":"ds.jpg","name":"ds","width":206,"height":206,"thumbnail":{"url":"np://user.desktop.nicepage.com/Site_3065314163/images/thumbnails/ds.jpg","height":206,"width":206,"length":13507,"type":"jpg"},"folderId":null,"originalUrl":"//images01.nicepagecdn.com/c461c07a441a5d220e8feb1a/c09014f9e7715438bb869fbb/ds.jpg","usages":[]},{"id":"user-image-w.jpg","publicUrl":"np://user.desktop.nicepage.com/Site_3065314163/images/w.jpg","size":13464,"hash":"e7c9NX//eHiYKWHs5e7xesSXXw8=","fileName":"w.jpg","name":"w","width":206,"height":206,"thumbnail":{"url":"np://user.desktop.nicepage.com/Site_3065314163/images/thumbnails/w.jpg","height":206,"width":206,"length":13464,"type":"jpg"},"folderId":null,"originalUrl":"//images01.nicepagecdn.com/c461c07a441a5d220e8feb1a/a5a678d8dfcf5f8dabb3c9bf/w.jpg","usages":[]},{"id":"user-image-gffgfg.jpg","publicUrl":"np://user.desktop.nicepage.com/Site_3065314163/images/gffgfg.jpg","size":13800,"hash":"bV3ro/kscUbdC1F9mXGM1wOUqBU=","fileName":"gffgfg.jpg","name":"gffgfg","width":206,"height":206,"thumbnail":{"url":"np://user.desktop.nicepage.com/Site_3065314163/images/thumbnails/gffgfg.jpg","height":206,"width":206,"length":13800,"type":"jpg"},"folderId":null,"originalUrl":"//images01.nicepagecdn.com/c461c07a441a5d220e8feb1a/b8826e852f63537a8c1ef575/gffgfg.jpg","usages":[]},{"id":"user-image-pexels-photo-1181690.jpeg","publicUrl":"np://user.desktop.nicepage.com/Site_3065314163/images/pexels-photo-1181690.jpeg","size":170690,"hash":"63St8JyrFoTZsoCt41Yg5aDie9M=","fileName":"pexels-photo-1181690.jpeg","name":"pexels-photo-1181690","width":2250,"height":1500,"thumbnail":{"url":"np://user.desktop.nicepage.com/Site_3065314163/images/thumbnails/pexels-photo-1181690.jpeg","width":250,"height":167},"folderId":null,"originalUrl":"https://assets.nicepagecdn.com/11a8ddce/3964133/images/pexels-photo-1181690.jpeg","usages":[]},{"id":"user-image-pexels-christina-morillo-1181292.jpg","publicUrl":"np://user.desktop.nicepage.com/Site_3065314163/images/pexels-christina-morillo-1181292.jpg","size":195720,"hash":"BGG7N75wb5i2GsK4IvrT6nAIBAg=","fileName":"pexels-christina-morillo-1181292.jpg","name":"pexels-christina-morillo-1181292","width":1280,"height":1918,"thumbnail":{"url":"np://user.desktop.nicepage.com/Site_3065314163/images/thumbnails/pexels-christina-morillo-1181292.jpg","width":167,"height":250},"folderId":null,"originalUrl":"https://assets.nicepagecdn.com/11a8ddce/3964133/images/pexels-christina-morillo-1181292.jpg","usages":[]},{"id":"user-image-about-us-img-1.jpg","publicUrl":"np://user.desktop.nicepage.com/Site_3065314163/images/about-us-img-1.jpg","size":170651,"hash":"1+N17HVifz3RX77y4859J04WOWQ=","fileName":"about-us-img-1.jpg","name":"about-us-img-1","width":1920,"height":355,"thumbnail":{"url":"np://user.desktop.nicepage.com/Site_3065314163/images/thumbnails/about-us-img-1.jpg","width":250,"height":46},"folderId":null,"usages":[]},{"id":"user-image-services1.jpg","publicUrl":"np://user.desktop.nicepage.com/Site_3065314163/images/services1.jpg","size":86622,"hash":"z6N3UOFRh4E53dJbTEY1hCJ7GYs=","fileName":"services1.jpg","name":"services1","width":1920,"height":355,"thumbnail":{"url":"np://user.desktop.nicepage.com/Site_3065314163/images/thumbnails/services1.jpg","width":250,"height":46},"folderId":null,"usages":["1686415624"]},{"id":"user-image-10312781.png","publicUrl":"np://user.desktop.nicepage.com/Site_3065314163/images/10312781.png","size":2786,"hash":"PbknbiKMQUCfJ/2Kx7oYMOsUGU4=","fileName":"10312781.png","name":"10312781","width":128,"height":128,"thumbnail":{"url":"np://user.desktop.nicepage.com/Site_3065314163/images/thumbnails/10312781.png","width":128,"height":128,"length":2786,"type":"png"},"folderId":null,"originalUrl":"https://assets.nicepagecdn.com/d2cc3eaa/1644434/images/10312781.png","usages":[]},{"id":"user-image-7542130.png","publicUrl":"np://user.desktop.nicepage.com/Site_3065314163/images/7542130.png","size":2913,"hash":"FdAcFzYncmHklCX9wbxQ3u68ZYU=","fileName":"7542130.png","name":"7542130","width":128,"height":128,"thumbnail":{"url":"np://user.desktop.nicepage.com/Site_3065314163/images/thumbnails/7542130.png","width":128,"height":128,"length":2913,"type":"png"},"folderId":null,"originalUrl":"https://assets.nicepagecdn.com/d2cc3eaa/1644434/images/7542130.png","usages":[]},{"id":"user-image-3002389.png","publicUrl":"np://user.desktop.nicepage.com/Site_3065314163/images/3002389.png","size":4783,"hash":"DyaWwC+/MeW99T4F2S8KJPpoK/s=","fileName":"3002389.png","name":"3002389","width":128,"height":128,"thumbnail":{"url":"np://user.desktop.nicepage.com/Site_3065314163/images/thumbnails/3002389.png","width":128,"height":128,"length":4783,"type":"png"},"folderId":null,"originalUrl":"https://assets.nicepagecdn.com/d2cc3eaa/1644434/images/3002389.png","usages":[]},{"id":"user-image-C-Ecy-Web-1-600x6331.png","publicUrl":"np://user.desktop.nicepage.com/Site_3065314163/images/C-Ecy-Web-1-600x6331.png","size":308838,"hash":"+9m8IXq6n5A6XDWasuZgn9DmcRo=","fileName":"C-Ecy-Web-1-600x6331.png","name":"C-Ecy-Web-1-600x6331","width":600,"height":633,"thumbnail":{"url":"np://user.desktop.nicepage.com/Site_3065314163/images/thumbnails/C-Ecy-Web-1-600x6331.png","width":237,"height":250},"folderId":null,"usages":[]},{"id":"user-image-C-Sunflower-Web-1-1-600x6331.png","publicUrl":"np://user.desktop.nicepage.com/Site_3065314163/images/C-Sunflower-Web-1-1-600x6331.png","size":346014,"hash":"pCEXKnyvRij2YxhjrHDzoA4S0Io=","fileName":"C-Sunflower-Web-1-1-600x6331.png","name":"C-Sunflower-Web-1-1-600x6331","width":600,"height":633,"thumbnail":{"url":"np://user.desktop.nicepage.com/Site_3065314163/images/thumbnails/C-Sunflower-Web-1-1-600x6331.png","width":237,"height":250},"folderId":null,"usages":[]},{"id":"user-image-C-Tulsi-Webpng-1-600x6331.png","publicUrl":"np://user.desktop.nicepage.com/Site_3065314163/images/C-Tulsi-Webpng-1-600x6331.png","size":318396,"hash":"MeMNnm+T2W3zXuJs+zzKdPNRcWY=","fileName":"C-Tulsi-Webpng-1-600x6331.png","name":"C-Tulsi-Webpng-1-600x6331","width":600,"height":633,"thumbnail":{"url":"np://user.desktop.nicepage.com/Site_3065314163/images/thumbnails/C-Tulsi-Webpng-1-600x6331.png","width":237,"height":250},"folderId":null,"usages":[]},{"id":"user-image-C-Raw-Honey-Web-1-600x6331.png","publicUrl":"np://user.desktop.nicepage.com/Site_3065314163/images/C-Raw-Honey-Web-1-600x6331.png","size":297718,"hash":"mDFmDyXn0X/GhGj3k954oWwl7Rc=","fileName":"C-Raw-Honey-Web-1-600x6331.png","name":"C-Raw-Honey-Web-1-600x6331","width":600,"height":633,"thumbnail":{"url":"np://user.desktop.nicepage.com/Site_3065314163/images/thumbnails/C-Raw-Honey-Web-1-600x6331.png","width":237,"height":250},"folderId":null,"usages":[]},{"id":"user-image-h2-img-3.jpg","publicUrl":"np://user.desktop.nicepage.com/Site_3065314163/images/h2-img-3.jpg","size":48290,"hash":"9iiqUhGkhlDO/azSJ/Ea8z4boiU=","fileName":"h2-img-3.jpg","name":"h2-img-3","width":308,"height":574,"thumbnail":{"url":"np://user.desktop.nicepage.com/Site_3065314163/images/thumbnails/h2-img-3.jpg","width":134,"height":250},"folderId":null,"usages":[]},{"id":"user-image-4081min.jpg","publicUrl":"np://user.desktop.nicepage.com/Site_3065314163/images/4081min.jpg","size":78513,"hash":"YaPYvakx7LyHzV1SL6XXHYokS2o=","fileName":"4081min.jpg","name":"4081min","width":700,"height":885,"thumbnail":{"url":"np://user.desktop.nicepage.com/Site_3065314163/images/thumbnails/4081min.jpg","width":198,"height":250},"folderId":null,"originalUrl":"//images03.nicepagecdn.com/c461c07a441a5d220e8feb1a/6a1104b3d27f522c8ed33183/4081min.jpg","usages":[]},{"id":"user-image-C-Sunflower-Web-1-1-600x633.png","publicUrl":"np://user.desktop.nicepage.com/Site_3065314163/images/C-Sunflower-Web-1-1-600x633.png","size":298481,"hash":"yICEGA1tIfd6drYS+x5RNakEpbY=","fileName":"C-Sunflower-Web-1-1-600x633.png","name":"C-Sunflower-Web-1-1-600x633","width":600,"height":633,"thumbnail":{"url":"np://user.desktop.nicepage.com/Site_3065314163/images/thumbnails/C-Sunflower-Web-1-1-600x633.png","width":237,"height":250},"folderId":null,"usages":[]},{"id":"user-image-sanket-pic.jpg","publicUrl":"np://user.desktop.nicepage.com/Site_3065314163/images/sanket-pic.jpg","size":373290,"hash":"3TYkbACXjmus6JyZcQM61X+Dvaw=","fileName":"sanket-pic.jpg","name":"sanket-pic","width":960,"height":1280,"thumbnail":{"url":"np://user.desktop.nicepage.com/Site_3065314163/images/thumbnails/sanket-pic.jpg","width":188,"height":250},"folderId":null,"usages":[]},{"id":"user-image-C-Raw-Honey-Web-1-600x633.png","publicUrl":"np://user.desktop.nicepage.com/Site_3065314163/images/C-Raw-Honey-Web-1-600x633.png","size":250275,"hash":"eMIEMXwBZ3puvwqScAR4gNl/P88=","fileName":"C-Raw-Honey-Web-1-600x633.png","name":"C-Raw-Honey-Web-1-600x633","width":600,"height":633,"thumbnail":{"url":"np://user.desktop.nicepage.com/Site_3065314163/images/thumbnails/C-Raw-Honey-Web-1-600x633.png","width":237,"height":250},"folderId":null,"usages":[]},{"id":"user-image-C-Tulsi-Webpng-1-600x633.png","publicUrl":"np://user.desktop.nicepage.com/Site_3065314163/images/C-Tulsi-Webpng-1-600x633.png","size":268050,"hash":"z5RgZfRllmunvZ2Xpy56VGL3V0Y=","fileName":"C-Tulsi-Webpng-1-600x633.png","name":"C-Tulsi-Webpng-1-600x633","width":600,"height":633,"thumbnail":{"url":"np://user.desktop.nicepage.com/Site_3065314163/images/thumbnails/C-Tulsi-Webpng-1-600x633.png","width":237,"height":250},"folderId":null,"usages":[]},{"id":"user-image-C-Ecy-Web-1-600x633.png","publicUrl":"np://user.desktop.nicepage.com/Site_3065314163/images/C-Ecy-Web-1-600x633.png","size":290139,"hash":"s4evP3ufLPqNxeLMbWTwU5Ou4e4=","fileName":"C-Ecy-Web-1-600x633.png","name":"C-Ecy-Web-1-600x633","width":600,"height":633,"thumbnail":{"url":"np://user.desktop.nicepage.com/Site_3065314163/images/thumbnails/C-Ecy-Web-1-600x633.png","width":237,"height":250},"folderId":null,"usages":[]},{"id":"user-image-farmbuddy-naturals-logo.png","publicUrl":"np://user.desktop.nicepage.com/Site_3065314163/images/farmbuddy-naturals-logo.png","size":191332,"hash":"6IaDJWMJ5/DEI4IQnryE4QEqqIs=","fileName":"farmbuddy-naturals-logo.png","name":"farmbuddy-naturals-logo","width":2435,"height":998,"thumbnail":{"url":"np://user.desktop.nicepage.com/Site_3065314163/images/thumbnails/farmbuddy-naturals-logo.png","width":250,"height":102},"folderId":null,"usages":[]}]
