[{"id":248703524,"title":"Blog Template","order":1,"templateKey":"blog","customTemplate":false,"customTemplateFilename":null,"pageLinks":[],"dateCreated":"2023-10-14T03:00:48.534Z","dateUpdated":"2023-10-14T03:00:49.979Z","folderId":null,"pageName":"Blog Template","serverPageId":null,"status":2,"backwardUrl":null},{"id":755214040,"title":"Post Template","order":2,"templateKey":"post","customTemplate":false,"customTemplateFilename":null,"pageLinks":[],"dateCreated":"2023-10-14T03:00:48.689Z","dateUpdated":"2023-10-14T03:00:49.979Z","folderId":null,"pageName":"Post Template","serverPageId":null,"status":2,"backwardUrl":null},{"id":652714645,"title":"Product List Template","order":3,"templateKey":"products","customTemplate":false,"customTemplateFilename":null,"pageLinks":[],"dateCreated":"2023-10-14T03:00:48.819Z","dateUpdated":"2023-10-14T03:00:49.979Z","folderId":null,"pageName":"Product List Template","serverPageId":null,"status":2,"backwardUrl":null},{"id":72756595,"title":"Product Details Template","order":4,"templateKey":"product","customTemplate":false,"customTemplateFilename":null,"pageLinks":[],"dateCreated":"2023-10-14T03:00:48.975Z","dateUpdated":"2023-10-14T03:00:49.979Z","folderId":null,"pageName":"Product Details Template","serverPageId":null,"status":2,"backwardUrl":null},{"id":564205253,"title":"Shopping Cart Template","order":5,"templateKey":"cart","customTemplate":false,"customTemplateFilename":null,"pageLinks":[],"dateCreated":"2023-10-14T03:00:49.106Z","dateUpdated":"2023-10-14T03:00:49.979Z","folderId":null,"pageName":"Shopping Cart Template","serverPageId":null,"status":2,"backwardUrl":null},{"id":3006426980,"title":"Checkout Template","order":6,"templateKey":"checkout","customTemplate":false,"customTemplateFilename":null,"pageLinks":[],"dateCreated":"2023-10-14T03:00:49.299Z","dateUpdated":"2023-10-14T03:00:49.979Z","folderId":null,"pageName":"Checkout Template","serverPageId":null,"status":2,"backwardUrl":null},{"id":38357179,"title":"Login Template","order":7,"templateKey":"login","customTemplate":false,"customTemplateFilename":null,"pageLinks":[],"dateCreated":"2023-10-14T03:00:49.406Z","dateUpdated":"2023-10-14T03:00:49.979Z","folderId":null,"pageName":"Login Template","serverPageId":null,"status":2,"backwardUrl":null},{"id":165504143,"title":"Search Page Template","order":8,"templateKey":"Search","customTemplate":false,"customTemplateFilename":null,"pageLinks":[],"dateCreated":"2025-04-30T18:48:48.486Z","dateUpdated":"2025-04-30T18:48:48.539Z","folderId":null,"pageName":"Search Page Template","serverPageId":null,"sectionCount":1,"status":2,"backwardUrl":null},{"id":8248683,"title":"Page Password Template","order":9,"templateKey":"password","customTemplate":false,"customTemplateFilename":null,"pageLinks":[],"dateCreated":"2023-10-14T03:00:49.481Z","dateUpdated":"2023-10-14T03:00:49.979Z","folderId":null,"pageName":"Page Password Template","serverPageId":null,"status":2,"backwardUrl":null},{"id":835716481,"title":"404 Not Found Template","order":10,"templateKey":"404","customTemplate":false,"customTemplateFilename":null,"pageLinks":[],"dateCreated":"2023-10-14T03:00:49.550Z","dateUpdated":"2023-10-14T03:00:49.980Z","folderId":null,"pageName":"404 Not Found Template","serverPageId":null,"status":2,"backwardUrl":null},{"id":686830286,"title":"Thank You Page Template","order":11,"templateKey":"ThankYou","customTemplate":false,"customTemplateFilename":null,"pageLinks":[],"dateCreated":"2023-10-14T03:00:49.606Z","dateUpdated":"2023-10-14T03:00:49.980Z","folderId":null,"pageName":"Thank You Page Template","serverPageId":null,"status":2,"backwardUrl":null},{"id":70934435,"title":"Home","order":50,"templateKey":null,"customTemplate":false,"customTemplateFilename":null,"pageLinks":["70934435"],"dateCreated":"2023-10-14T05:40:16.104Z","dateUpdated":"2024-10-29T06:14:39.997Z","folderId":null,"pageName":"Home_70934435","serverPageId":null,"sectionCount":2,"status":2,"backwardUrl":null},{"id":778526381,"title":"About us","order":100,"templateKey":null,"customTemplate":false,"customTemplateFilename":null,"pageLinks":[],"dateCreated":"2023-10-14T03:00:49.645Z","dateUpdated":"2023-11-08T00:44:33.084Z","folderId":null,"pageName":"About us_778526381","serverPageId":null,"sectionCount":1,"status":2,"backwardUrl":null},{"id":346718908,"title":"Contact","order":101,"templateKey":null,"customTemplate":false,"customTemplateFilename":null,"pageLinks":["70934435"],"dateCreated":"2023-10-14T03:00:49.684Z","dateUpdated":"2025-06-19T05:39:56.543Z","folderId":null,"pageName":"Contact_346718908","serverPageId":null,"sectionCount":1,"status":2,"backwardUrl":null},{"id":1686415624,"title":"Benefits of Raw Honey","order":102,"templateKey":null,"customTemplate":false,"customTemplateFilename":null,"pageLinks":["70934435"],"dateCreated":"2023-10-16T06:06:07.762Z","dateUpdated":"2024-09-20T18:23:31.790Z","folderId":null,"pageName":"Benefits of Raw Honey_1686415624","serverPageId":null,"sectionCount":3,"status":2,"backwardUrl":null},{"id":115686407,"title":"Our Products","order":103,"templateKey":null,"customTemplate":false,"customTemplateFilename":null,"pageLinks":["70934435"],"dateCreated":"2024-09-20T04:53:07.626Z","dateUpdated":"2024-10-29T06:22:52.481Z","folderId":null,"pageName":"Our Products_115686407","serverPageId":null,"sectionCount":3,"status":2,"backwardUrl":null}]
