[{"id":"user-image-C-Raw-Honey-Web-1-600x633.png","publicUrl":"np://user.desktop.nicepage.com/Site_60749583/images/C-Raw-Honey-Web-1-600x633.png","size":250275,"hash":"eMIEMXwBZ3puvwqScAR4gNl/P88=","fileName":"C-Raw-Honey-Web-1-600x633.png","name":"C-Raw-Honey-Web-1-600x633","width":600,"height":633,"thumbnail":{"url":"np://user.desktop.nicepage.com/Site_60749583/images/thumbnails/C-Raw-Honey-Web-1-600x633.png","width":237,"height":250},"folderId":null,"usages":["875702177"]},{"id":"user-image-C-Tulsi-Webpng-1-600x633.png","publicUrl":"np://user.desktop.nicepage.com/Site_60749583/images/C-Tulsi-Webpng-1-600x633.png","size":268050,"hash":"z5RgZfRllmunvZ2Xpy56VGL3V0Y=","fileName":"C-Tulsi-Webpng-1-600x633.png","name":"C-Tulsi-Webpng-1-600x633","width":600,"height":633,"thumbnail":{"url":"np://user.desktop.nicepage.com/Site_60749583/images/thumbnails/C-Tulsi-Webpng-1-600x633.png","width":237,"height":250},"folderId":null,"usages":["875702177"]},{"id":"user-image-C-Sunflower-Web-1-1-600x633.png","publicUrl":"np://user.desktop.nicepage.com/Site_60749583/images/C-Sunflower-Web-1-1-600x633.png","size":298481,"hash":"yICEGA1tIfd6drYS+x5RNakEpbY=","fileName":"C-Sunflower-Web-1-1-600x633.png","name":"C-Sunflower-Web-1-1-600x633","width":600,"height":633,"thumbnail":{"url":"np://user.desktop.nicepage.com/Site_60749583/images/thumbnails/C-Sunflower-Web-1-1-600x633.png","width":237,"height":250},"folderId":null,"usages":["875702177"]},{"id":"user-image-C-Ecy-Web-1-600x633.png","publicUrl":"np://user.desktop.nicepage.com/Site_60749583/images/C-Ecy-Web-1-600x633.png","size":290139,"hash":"s4evP3ufLPqNxeLMbWTwU5Ou4e4=","fileName":"C-Ecy-Web-1-600x633.png","name":"C-Ecy-Web-1-600x633","width":600,"height":633,"thumbnail":{"url":"np://user.desktop.nicepage.com/Site_60749583/images/thumbnails/C-Ecy-Web-1-600x633.png","width":237,"height":250},"folderId":null,"usages":["875702177"]},{"id":"user-image-farmbuddy-naturals-logo.png","publicUrl":"np://user.desktop.nicepage.com/Site_60749583/images/farmbuddy-naturals-logo.png","size":191332,"hash":"6IaDJWMJ5/DEI4IQnryE4QEqqIs=","fileName":"farmbuddy-naturals-logo.png","name":"farmbuddy-naturals-logo","width":2435,"height":998,"thumbnail":{"url":"np://user.desktop.nicepage.com/Site_60749583/images/thumbnails/farmbuddy-naturals-logo.png","width":250,"height":102},"folderId":null,"usages":[]},{"id":"user-image-farmbuddy-naturals-logo-2048x839.png","publicUrl":"np://user.desktop.nicepage.com/Site_60749583/images/farmbuddy-naturals-logo-2048x839.png","size":525828,"hash":"7Kn7XxE6b+gQNnOYH9OCfNTBbsw=","fileName":"farmbuddy-naturals-logo-2048x839.png","name":"farmbuddy-naturals-logo-2048x839","width":2048,"height":839,"thumbnail":{"url":"np://user.desktop.nicepage.com/Site_60749583/images/thumbnails/farmbuddy-naturals-logo-2048x839.png","width":250,"height":102},"folderId":null,"usages":[]},{"id":"user-image-sanket-pic.jpg","publicUrl":"np://user.desktop.nicepage.com/Site_60749583/images/sanket-pic.jpg","size":373290,"hash":"3TYkbACXjmus6JyZcQM61X+Dvaw=","fileName":"sanket-pic.jpg","name":"sanket-pic","width":960,"height":1280,"thumbnail":{"url":"np://user.desktop.nicepage.com/Site_60749583/images/thumbnails/sanket-pic.jpg","width":188,"height":250},"folderId":null,"usages":[]},{"id":"user-image-vegetables-set-left-black-slate.jpg","publicUrl":"np://user.desktop.nicepage.com/Site_60749583/images/vegetables-set-left-black-slate.jpg","size":1038718,"hash":"vv6G0GkIiYtig2vDWczxhtGbR8E=","fileName":"vegetables-set-left-black-slate.jpg","name":"vegetables-set-left-black-slate","width":1500,"height":807,"thumbnail":{"url":"np://user.desktop.nicepage.com/Site_60749583/images/thumbnails/vegetables-set-left-black-slate.jpg","width":250,"height":135},"folderId":null,"originalUrl":"https://assets.nicepagecdn.com/11a8ddce/4267640/images/vegetables-set-left-black-slate.jpg","usages":[]},{"id":"user-image-8066424.png","publicUrl":"np://user.desktop.nicepage.com/Site_60749583/images/8066424.png","size":2789,"hash":"TuyL4PsNoTty7m/BkdT3G+8vCi0=","fileName":"8066424.png","name":"8066424","width":128,"height":128,"thumbnail":{"url":"np://user.desktop.nicepage.com/Site_60749583/images/thumbnails/8066424.png","width":128,"height":128,"length":2789,"type":"png"},"folderId":null,"originalUrl":"//images01.nicepagecdn.com/c461c07a441a5d220e8feb1a/73e1c047a8945fe5a79563d6/8066424.png","usages":["875702177"]},{"id":"user-image-2838912.png","publicUrl":"np://user.desktop.nicepage.com/Site_60749583/images/2838912.png","size":3309,"hash":"h7/HH/0ZvnQq2pA81c0JVoTZC3o=","fileName":"2838912.png","name":"2838912","width":128,"height":128,"thumbnail":{"url":"np://user.desktop.nicepage.com/Site_60749583/images/thumbnails/2838912.png","width":128,"height":128,"length":3309,"type":"png"},"folderId":null,"originalUrl":"//images01.nicepagecdn.com/c461c07a441a5d220e8feb1a/2a887ebcd4e254be83f2068a/2838912.png","usages":["875702177"]},{"id":"user-image-dietary-menu-healthy-vegan-salad-vegetables-broccoli-mushrooms-spinach-quinoa-bowl-flat-lay-top-view.jpg","publicUrl":"np://user.desktop.nicepage.com/Site_60749583/images/dietary-menu-healthy-vegan-salad-vegetables-broccoli-mushrooms-spinach-quinoa-bowl-flat-lay-top-view.jpg","size":1923534,"hash":"vayNfivBtUQmQBK6ZePJ+mJdhOA=","fileName":"dietary-menu-healthy-vegan-salad-vegetables-broccoli-mushrooms-spinach-quinoa-bowl-flat-lay-top-view.jpg","name":"dietary-menu-healthy-vegan-salad-vegetables-broccoli-mushrooms-spinach-quinoa-bowl-flat-lay-top-view","width":1500,"height":1000,"thumbnail":{"url":"np://user.desktop.nicepage.com/Site_60749583/images/thumbnails/dietary-menu-healthy-vegan-salad-vegetables-broccoli-mushrooms-spinach-quinoa-bowl-flat-lay-top-view.jpg","width":250,"height":167},"folderId":null,"originalUrl":"https://assets.nicepagecdn.com/11a8ddce/4267640/images/dietary-menu-healthy-vegan-salad-vegetables-broccoli-mushrooms-spinach-quinoa-bowl-flat-lay-top-view.jpg","usages":[]},{"id":"user-image-646094.png","publicUrl":"np://user.desktop.nicepage.com/Site_60749583/images/646094.png","size":2920,"hash":"D4R2eI+UniH8DFN5GIjVyvdbvvY=","fileName":"646094.png","name":"646094","width":128,"height":128,"thumbnail":{"url":"np://user.desktop.nicepage.com/Site_60749583/images/thumbnails/646094.png","width":128,"height":128,"length":2920,"type":"png"},"folderId":null,"originalUrl":"//images01.nicepagecdn.com/c461c07a441a5d220e8feb1a/0f93b8c989d653229f7e203c/646094.png","usages":["875702177"]},{"id":"user-image-juicy-steak-medium-rare-beef-with-spices-grilled-vegetables.jpg","publicUrl":"np://user.desktop.nicepage.com/Site_60749583/images/juicy-steak-medium-rare-beef-with-spices-grilled-vegetables.jpg","size":1301723,"hash":"hkr/cec4Cxw5D1JzLMJXPzqPTC4=","fileName":"juicy-steak-medium-rare-beef-with-spices-grilled-vegetables.jpg","name":"juicy-steak-medium-rare-beef-with-spices-grilled-vegetables","width":1500,"height":1000,"thumbnail":{"url":"np://user.desktop.nicepage.com/Site_60749583/images/thumbnails/juicy-steak-medium-rare-beef-with-spices-grilled-vegetables.jpg","width":250,"height":167},"folderId":null,"originalUrl":"https://assets.nicepagecdn.com/11a8ddce/4267640/images/juicy-steak-medium-rare-beef-with-spices-grilled-vegetables.jpg","usages":[]},{"id":"user-image-pexels-photo-3939685.jpeg","publicUrl":"np://user.desktop.nicepage.com/Site_60749583/images/pexels-photo-3939685.jpeg","size":513990,"hash":"9xvBElZEpbL/UbWP/UTOhUWAgRs=","fileName":"pexels-photo-3939685.jpeg","name":"pexels-photo-3939685","width":2000,"height":1500,"thumbnail":{"url":"np://user.desktop.nicepage.com/Site_60749583/images/thumbnails/pexels-photo-3939685.jpeg","width":250,"height":188},"folderId":null,"originalUrl":"https://assets.nicepagecdn.com/11a8ddce/4267640/images/pexels-photo-3939685.jpeg","usages":[]},{"id":"user-image-pexels-photo-3850972.jpeg","publicUrl":"np://user.desktop.nicepage.com/Site_60749583/images/pexels-photo-3850972.jpeg","size":272952,"hash":"GJpOcoF9ZGuWANhiVe+xa3viK9s=","fileName":"pexels-photo-3850972.jpeg","name":"pexels-photo-3850972","width":2250,"height":1500,"thumbnail":{"url":"np://user.desktop.nicepage.com/Site_60749583/images/thumbnails/pexels-photo-3850972.jpeg","width":250,"height":167},"folderId":null,"originalUrl":"https://assets.nicepagecdn.com/11a8ddce/4267640/images/pexels-photo-3850972.jpeg","usages":[]},{"id":"user-image-fresh-salad-with-turkey-eggs-vegetables.jpg","publicUrl":"np://user.desktop.nicepage.com/Site_60749583/images/fresh-salad-with-turkey-eggs-vegetables.jpg","size":1950114,"hash":"qolOSqOiZjwEv9kbqjg57mSZIUY=","fileName":"fresh-salad-with-turkey-eggs-vegetables.jpg","name":"fresh-salad-with-turkey-eggs-vegetables","width":1500,"height":1000,"thumbnail":{"url":"np://user.desktop.nicepage.com/Site_60749583/images/thumbnails/fresh-salad-with-turkey-eggs-vegetables.jpg","width":250,"height":167},"folderId":null,"originalUrl":"https://assets.nicepagecdn.com/11a8ddce/4267640/images/fresh-salad-with-turkey-eggs-vegetables.jpg","usages":[]},{"id":"user-image-pexels-photo-3906526.jpeg","publicUrl":"np://user.desktop.nicepage.com/Site_60749583/images/pexels-photo-3906526.jpeg","size":290515,"hash":"LugQ6kqsCVb1/NbpzYlTDcfO/x0=","fileName":"pexels-photo-3906526.jpeg","name":"pexels-photo-3906526","width":2258,"height":1500,"thumbnail":{"url":"np://user.desktop.nicepage.com/Site_60749583/images/thumbnails/pexels-photo-3906526.jpeg","width":250,"height":166},"folderId":null,"originalUrl":"https://assets.nicepagecdn.com/11a8ddce/4267640/images/pexels-photo-3906526.jpeg","usages":[]},{"id":"user-image-pexels-photo-3662126.jpeg","publicUrl":"np://user.desktop.nicepage.com/Site_60749583/images/pexels-photo-3662126.jpeg","size":187200,"hash":"0bn7P80rI4wR2wP/gxRqHefx3OE=","fileName":"pexels-photo-3662126.jpeg","name":"pexels-photo-3662126","width":1000,"height":1500,"thumbnail":{"url":"np://user.desktop.nicepage.com/Site_60749583/images/thumbnails/pexels-photo-3662126.jpeg","width":167,"height":250},"folderId":null,"originalUrl":"https://assets.nicepagecdn.com/11a8ddce/4267640/images/pexels-photo-3662126.jpeg","usages":[]},{"id":"user-image-pexels-photo-3939602.jpeg","publicUrl":"np://user.desktop.nicepage.com/Site_60749583/images/pexels-photo-3939602.jpeg","size":429713,"hash":"OWlWfROd/YHFMFKNF8jYwAu3VPg=","fileName":"pexels-photo-3939602.jpeg","name":"pexels-photo-3939602","width":2002,"height":1500,"thumbnail":{"url":"np://user.desktop.nicepage.com/Site_60749583/images/thumbnails/pexels-photo-3939602.jpeg","width":250,"height":187},"folderId":null,"originalUrl":"https://assets.nicepagecdn.com/11a8ddce/4267640/images/pexels-photo-3939602.jpeg","usages":[]},{"id":"user-image-pexels-photo-3681641.jpeg","publicUrl":"np://user.desktop.nicepage.com/Site_60749583/images/pexels-photo-3681641.jpeg","size":150650,"hash":"8E070XNC39FxB1aTVQBYjgzTbTo=","fileName":"pexels-photo-3681641.jpeg","name":"pexels-photo-3681641","width":1000,"height":1500,"thumbnail":{"url":"np://user.desktop.nicepage.com/Site_60749583/images/thumbnails/pexels-photo-3681641.jpeg","width":167,"height":250},"folderId":null,"originalUrl":"https://assets.nicepagecdn.com/11a8ddce/4267640/images/pexels-photo-3681641.jpeg","usages":[]},{"id":"user-image-delicious-pizza-isolated-white.jpg","publicUrl":"np://user.desktop.nicepage.com/Site_60749583/images/delicious-pizza-isolated-white.jpg","size":1363661,"hash":"CGG11ruGfMOIoTNgjdmMVwUOlb8=","fileName":"delicious-pizza-isolated-white.jpg","name":"delicious-pizza-isolated-white","width":1500,"height":1207,"thumbnail":{"url":"np://user.desktop.nicepage.com/Site_60749583/images/thumbnails/delicious-pizza-isolated-white.jpg","width":250,"height":201},"folderId":null,"originalUrl":"https://assets.nicepagecdn.com/11a8ddce/4267640/images/delicious-pizza-isolated-white.jpg","usages":[]},{"id":"user-image-high-angle-shot-vegetable-salad-white-bowl.jpg","publicUrl":"np://user.desktop.nicepage.com/Site_60749583/images/high-angle-shot-vegetable-salad-white-bowl.jpg","size":940187,"hash":"HVJbyQPnKfMdZBEduyvLtHAf18o=","fileName":"high-angle-shot-vegetable-salad-white-bowl.jpg","name":"high-angle-shot-vegetable-salad-white-bowl","width":1500,"height":1000,"thumbnail":{"url":"np://user.desktop.nicepage.com/Site_60749583/images/thumbnails/high-angle-shot-vegetable-salad-white-bowl.jpg","width":250,"height":167},"folderId":null,"originalUrl":"https://assets.nicepagecdn.com/11a8ddce/4267640/images/high-angle-shot-vegetable-salad-white-bowl.jpg","usages":[]}]
